,concat_index,Player,Rec,Yds,TD,20+,40+,LNG,Rec 1st,1st%,Rec FUM,Rec YAC/R,Tgts,season_year
0,0,Cooper Kupp,145,1947,16,30,9,59,89,61.4,0,846,192,2021
1,1,Davante Adams,123,1553,11,19,4,59,84,68.3,0,613,169,2021
2,2,Tyreek Hill,111,1239,9,13,3,75,75,67.6,2,444,159,2021
3,3,Justin Jefferson,108,1616,10,27,5,56,75,69.4,1,482,170,2021
4,4,Mark Andrews,107,1361,9,20,2,43,75,70.1,1,458,158,2021
5,5,Diontae Johnson,107,1161,8,14,4,50,59,55.1,2,527,173,2021
6,6,Keenan Allen,106,1138,6,12,2,42,66,62.3,1,337,158,2021
7,7,Jaylen Waddle,104,1015,6,8,2,57,59,56.7,1,420,140,2021
8,8,Stefon Diggs,103,1225,10,12,4,61,66,64.1,1,326,164,2021
9,9,Hunter Renfrow,103,1038,9,10,1,54,51,49.5,1,452,129,2021
10,10,Chris Godwin,98,1103,5,15,1,44,55,56.1,2,586,127,2021
11,11,D.J. Moore,93,1157,4,16,1,64,60,64.5,1,426,164,2021
12,12,Travis Kelce,92,1125,9,13,2,69,63,68.5,1,564,134,2021
13,13,Marquise Brown,91,1008,6,15,3,49,41,45.0,3,388,147,2021
14,14,Brandin Cooks,90,1037,6,12,5,52,46,51.1,0,343,134,2021
15,15,Amon-Ra St. Brown,90,912,5,11,0,37,48,53.3,0,424,121,2021
16,16,Michael Pittman,88,1082,6,12,3,57,55,62.5,1,348,130,2021
17,17,Jakobi Meyers,83,866,2,12,0,39,42,50.6,1,222,128,2021
18,18,Cole Beasley,82,693,1,5,0,29,34,41.5,1,305,113,2021
19,19,Ja'Marr Chase,81,1455,13,22,8,82,56,69.1,2,651,128,2021
20,20,Darnell Mooney,81,1055,4,14,3,64,49,60.5,0,381,141,2021
21,21,CeeDee Lamb,79,1102,6,20,2,49,54,68.4,0,441,121,2021
22,22,Dalton Schultz,78,808,8,6,0,32,43,55.1,0,348,106,2021
23,23,Christian Kirk,77,982,5,16,4,50,44,57.1,0,243,103,2021
24,24,Terry McLaurin,77,1053,5,15,3,46,47,61.0,0,317,130,2021
25,0,Deebo Samuel,77,1405,6,23,9,83,51,66.2,4,780,121,2021
26,1,Mike Williams,76,1146,9,17,9,72,51,67.1,0,415,130,2021
27,2,DK Metcalf,75,967,12,11,2,84,48,64.0,1,328,129,2021
28,3,Zach Ertz,74,763,5,7,1,47,40,54.0,0,340,113,2021
29,4,Mike Evans,74,1035,14,20,3,46,56,75.7,0,239,114,2021
30,5,Najee Harris,74,467,3,3,0,25,22,29.7,0,499,94,2021
31,6,Tee Higgins,74,1091,6,17,2,54,53,71.6,1,290,111,2021
32,7,Mike Gesicki,73,780,2,12,1,40,39,53.4,0,218,113,2021
33,8,Marvin Jones,73,832,4,13,0,33,42,57.5,0,132,120,2021
34,9,Tyler Lockett,73,1175,8,22,7,69,41,56.2,0,277,108,2021
35,10,George Kittle,71,910,6,13,1,48,42,59.2,2,450,94,2021
36,11,Austin Ekeler,70,647,8,3,1,40,31,44.3,4,627,95,2021
37,12,Leonard Fournette,69,454,2,1,0,23,30,43.5,1,449,84,2021
38,13,Amari Cooper,68,865,8,15,1,41,45,66.2,1,235,104,2021
39,14,Noah Fant,68,670,4,7,0,35,29,42.6,0,309,91,2021
40,15,Kyle Pitts,68,1026,1,16,2,61,43,63.2,0,313,110,2021
41,16,Tyler Boyd,67,828,5,10,2,68,37,55.2,1,389,95,2021
42,17,Adam Thielen,67,726,10,14,0,35,37,55.2,1,239,95,2021
43,18,Russell Gage,66,770,4,8,1,49,37,56.1,2,253,94,2021
44,19,DeVonta Smith,64,916,5,16,1,46,43,67.2,1,220,105,2021
45,20,A.J. Brown,63,869,5,10,3,57,45,71.4,0,248,105,2021
46,21,Laviska Shenault Jr.,63,619,0,5,2,58,30,47.6,1,389,100,2021
47,22,D'Andre Swift,62,452,2,3,2,63,19,30.6,2,502,78,2021
48,23,Tyler Conklin,61,593,3,4,1,40,26,42.6,1,326,87,2021
49,24,Tyler Higbee,61,560,5,3,0,37,33,54.1,1,281,85,2021
50,0,T.J. Hockenson,61,583,4,8,0,33,32,52.5,0,199,86,2021
51,1,Pat Freiermuth,60,497,7,2,0,24,34,56.7,1,247,80,2021
52,2,Cole Kmet,60,612,0,7,0,25,29,48.3,0,246,93,2021
53,3,Chase Claypool,59,860,2,13,4,59,36,61.0,0,295,105,2021
54,4,Mecole Hardman,59,693,2,8,4,53,33,55.9,1,502,83,2021
55,5,Courtland Sutton,58,776,2,9,2,55,35,60.3,0,135,100,2021
56,6,Brandon Aiyuk,56,826,5,16,1,43,37,66.1,1,349,86,2021
57,7,Dallas Goedert,56,830,4,14,1,45,42,75.0,1,386,77,2021
58,8,Kendrick Bourne,55,800,5,10,5,75,27,49.1,1,385,70,2021
59,9,Rob Gronkowski,55,802,6,16,1,42,34,61.8,0,350,89,2021
60,10,Darren Waller,55,665,2,13,0,33,31,56.4,0,242,93,2021
61,11,A.J. Green,54,848,3,16,3,42,37,68.5,0,181,93,2021
62,12,Josh Jacobs,54,348,0,2,0,29,14,25.9,0,395,64,2021
63,13,Rondale Moore,54,435,1,3,1,77,18,33.3,1,438,64,2021
64,14,Robbie Anderson,53,519,5,3,1,57,27,50.9,0,158,110,2021
65,15,Tim Patrick,53,734,5,10,1,44,39,73.6,0,202,85,2021
66,16,Aaron Jones,52,391,6,4,0,26,22,42.3,1,412,65,2021
67,17,Jarvis Landry,52,570,2,7,0,38,29,55.8,1,286,87,2021
68,18,Cordarrelle Patterson,52,548,5,8,2,64,26,50.0,0,385,69,2021
69,19,Jamison Crowder,51,447,2,3,0,29,24,47.1,1,174,73,2021
70,20,Hunter Henry,50,603,9,8,0,35,34,68.0,0,144,75,2021
71,21,Van Jefferson,50,802,6,12,4,79,32,64.0,0,216,89,2021
72,22,K.J. Osborn,50,655,7,10,2,64,26,52.0,0,179,82,2021
73,23,Myles Gaskin,49,234,4,2,0,24,13,26.5,0,224,63,2021
74,24,Dawson Knox,49,587,9,8,2,53,31,63.3,0,277,71,2021
75,0,C.J. Uzomah,49,493,5,7,1,55,24,49.0,0,300,63,2021
76,1,Jared Cook,48,564,4,7,1,42,31,64.6,0,238,85,2021
77,2,Gerald Everett,48,478,4,5,1,41,26,54.2,2,249,63,2021
78,3,Kalif Raymond,48,576,4,8,1,75,28,58.3,0,262,71,2021
79,4,Ezekiel Elliott,47,287,2,1,0,21,17,36.2,0,295,65,2021
80,5,Zay Jones,47,546,1,8,2,43,29,61.7,1,170,70,2021
81,6,Alvin Kamara,47,439,5,4,0,31,20,42.6,0,437,67,2021
82,7,Darrel Williams,47,452,2,4,0,38,19,40.4,0,435,57,2021
83,8,Rashod Bateman,46,515,1,8,0,36,29,63.0,0,171,68,2021
84,9,Braxton Berrios,46,431,2,5,1,46,22,47.8,1,264,65,2021
85,10,Marquez Callaway,46,698,6,9,3,58,32,69.6,0,144,84,2021
86,11,Evan Engram,46,408,3,2,0,30,21,45.6,1,185,73,2021
87,12,Ced Wilson,45,602,6,8,2,73,27,60.0,1,260,62,2021
88,13,Robert Woods,45,556,4,8,0,28,34,75.6,0,198,70,2021
89,14,Odell Beckham Jr.,44,537,5,7,2,54,27,61.4,0,151,83,2021
90,15,Mike Davis,44,259,1,2,0,20,12,27.3,2,306,58,2021
91,16,Chase Edmonds,43,311,0,2,0,36,11,25.6,1,324,53,2021
92,17,J.D. McKissic,43,397,2,3,1,56,15,34.9,0,380,54,2021
93,18,Elijah Moore,43,538,5,9,1,62,24,55.8,0,207,78,2021
94,19,Quez Watkins,43,647,1,12,3,91,25,58.1,0,253,63,2021
95,20,Javonte Williams,43,316,3,2,1,42,12,27.9,0,343,53,2021
96,21,Antonio Brown,42,545,4,10,2,62,29,69.0,0,190,62,2021
97,22,Antonio Gibson,42,294,3,2,1,73,12,28.6,1,333,53,2021
98,23,DeAndre Hopkins,42,572,8,7,1,55,32,76.2,0,140,64,2021
99,24,Joe Mixon,42,314,3,3,3,52,11,26.2,1,318,48,2021
100,0,David Montgomery,42,301,0,0,0,16,18,42.9,0,273,51,2021
101,1,Byron Pringle,42,568,5,11,1,40,32,76.2,0,187,60,2021
102,2,Emmanuel Sanders,42,626,4,10,1,41,31,73.8,0,85,73,2021
103,3,Saquon Barkley,41,263,2,1,1,54,13,31.7,1,298,57,2021
104,4,Brandon Bolden,41,405,2,5,0,28,21,51.2,0,416,49,2021
105,5,Adam Humphries,41,383,0,4,0,27,23,56.1,0,150,62,2021
106,6,Devontae Booker,40,268,1,1,1,41,11,27.5,0,289,45,2021
107,7,Nyheim Hines,40,310,1,2,0,36,15,37.5,1,276,57,2021
108,8,Allen Lazard,40,513,8,8,1,42,28,70.0,0,168,60,2021
109,9,DeVante Parker,40,515,2,7,1,42,29,72.5,0,104,73,2021
110,10,Devin Singletary,40,228,1,0,0,19,11,27.5,3,242,50,2021
111,11,Jonathan Taylor,40,360,2,5,1,76,12,30.0,1,406,52,2021
112,12,Ray-Ray McCloud,39,277,0,2,0,24,18,46.2,1,116,66,2021
113,13,Tony Pollard,39,337,0,2,0,32,15,38.5,2,341,47,2021
114,14,Kadarius Toney,39,420,0,5,0,38,21,53.8,0,228,57,2021
115,15,Ameer Abdullah,38,289,1,1,0,23,13,34.2,0,294,53,2021
116,16,Austin Hooper,38,345,3,4,0,34,18,47.4,0,185,62,2021
117,17,Jerry Jeudy,38,467,0,7,1,40,22,57.9,1,185,56,2021
118,18,Zach Pascal,38,384,3,5,1,41,16,42.1,1,121,69,2021
119,19,Allen Robinson,38,410,1,5,0,39,22,57.9,0,101,67,2021
120,20,Nick Westbrook-Ikhine,38,476,4,5,1,46,23,60.5,1,144,57,2021
121,21,Nelson Agholor,37,473,3,9,1,44,23,62.2,0,104,64,2021
122,22,James Conner,37,375,3,5,1,45,18,48.6,0,382,39,2021
123,23,Kenny Golladay,37,521,0,5,0,36,27,73.0,0,119,77,2021
124,24,Christian McCaffrey,37,343,1,4,0,32,21,56.8,0,258,41,2021
125,0,Michael Carter,36,325,0,2,0,23,17,47.2,1,341,55,2021
126,1,Deonte Harty,36,570,3,5,4,72,23,63.9,0,241,59,2021
127,2,Tyler Johnson,36,360,0,4,0,31,14,38.9,0,137,56,2021
128,3,David Njoku,36,475,4,8,2,71,17,47.2,0,247,53,2021
129,4,Sterling Shepard,36,366,1,4,0,37,19,52.8,0,111,53,2021
130,5,Dan Arnold,35,408,0,2,0,28,20,57.1,1,188,53,2021
131,6,Gabe Davis,35,549,6,13,1,49,29,82.9,0,132,63,2021
132,7,Michael Gallup,35,445,2,6,2,41,23,65.7,0,123,62,2021
133,8,Dalvin Cook,34,224,0,1,0,24,9,26.5,0,278,49,2021
134,9,Corey Davis,34,492,4,9,1,53,23,67.6,2,124,59,2021
135,10,AJ Dillon,34,313,2,3,1,50,15,44.1,1,310,37,2021
136,11,Bryan Edwards,34,571,3,11,1,51,26,76.5,1,190,60,2021
137,12,Anthony Firkser,34,291,2,1,0,24,15,44.1,1,111,43,2021
138,13,Devonta Freeman,34,190,1,0,0,15,9,26.5,0,178,42,2021
139,14,Ty Johnson,34,372,2,3,0,23,20,58.8,0,334,55,2021
140,15,Donovan Peoples-Jones,34,597,3,12,3,60,26,76.5,1,146,59,2021
141,16,Durham Smythe,34,357,0,5,0,25,15,44.1,0,151,41,2021
142,17,Nico Collins,33,446,1,8,0,32,23,69.7,0,121,60,2021
143,18,Devin Duvernay,33,272,2,1,0,21,14,42.4,0,141,47,2021
144,19,Kenneth Gainwell,33,253,1,0,0,19,14,42.4,0,226,50,2021
145,20,Albert Okwuegbunam,33,330,2,3,1,64,15,45.4,1,245,40,2021
146,21,Josh Palmer,33,353,4,3,0,36,18,54.6,0,94,49,2021
147,22,Jalen Reagor,33,299,2,4,0,34,13,39.4,0,151,57,2021
148,23,Laquon Treadwell,33,434,1,6,2,41,22,66.7,0,126,51,2021
149,24,David Johnson,32,225,1,0,0,16,11,34.4,0,169,42,2021
150,0,Alexander Mattison,32,228,1,3,0,24,10,31.2,0,238,39,2021
151,1,Tre'Quan Smith,32,377,3,6,0,34,18,56.2,1,113,51,2021
152,2,Jalen Guyton,31,448,3,5,2,59,21,67.7,0,149,48,2021
153,3,Julio Jones,31,434,1,4,2,51,19,61.3,0,112,48,2021
154,4,Calvin Ridley,31,281,2,3,0,22,16,51.6,0,91,52,2021
155,5,James Robinson,31,222,0,1,0,26,9,29.0,2,230,46,2021
156,6,Geoff Swaim,31,210,3,2,0,26,12,38.7,0,139,40,2021
157,7,Olamide Zaccheaus,31,406,3,4,2,49,22,71.0,0,96,54,2021
158,8,Cameron Brate,30,245,4,0,0,18,15,50.0,0,81,57,2021
159,9,Kenyan Drake,30,291,1,3,0,31,12,40.0,0,259,40,2021
160,10,Kyle Juszczyk,30,296,1,2,0,26,16,53.3,0,151,38,2021
161,11,Foster Moreau,30,373,3,6,1,44,16,53.3,1,189,44,2021
162,12,Chester Rogers,30,301,1,3,0,39,12,40.0,0,103,43,2021
163,13,Ricky Seals-Jones,30,271,2,1,0,39,14,46.7,0,157,51,2021
164,14,Jack Doyle,29,302,3,3,0,34,18,62.1,0,125,45,2021
165,15,Darrell Henderson,29,176,3,2,0,25,8,27.6,0,180,40,2021
166,16,Josh Reynolds,29,396,2,6,0,39,21,72.4,0,119,49,2021
167,17,Randall Cobb,28,375,5,6,1,54,21,75.0,0,138,39,2021
168,18,Keelan Cole,28,449,1,7,2,54,20,71.4,0,85,52,2021
169,19,Melvin Gordon,28,213,2,3,0,30,9,32.1,0,186,38,2021
170,20,Jeremy McNichols,28,240,1,3,0,27,11,39.3,0,259,38,2021
171,21,Jonnu Smith,28,294,1,5,0,28,15,53.6,1,232,45,2021
172,22,Ryan Griffin,27,261,2,4,0,29,14,51.8,1,149,42,2021
173,23,Mark Ingram,27,162,0,1,0,34,9,33.3,0,164,36,2021
174,24,Samaje Perine,27,196,1,1,0,23,9,33.3,0,198,31,2021
175,0,Adam Trautman,27,263,2,2,0,32,13,48.2,1,111,44,2021
176,1,Sammy Watkins,27,394,1,6,1,49,17,63.0,1,99,49,2021
177,2,Damiere Byrd,26,329,1,3,1,54,18,69.2,0,116,39,2021
178,3,Hayden Hurst,26,221,3,1,0,33,11,42.3,3,89,31,2021
179,4,Kyle Rudolph,26,257,1,3,1,60,12,46.2,0,137,40,2021
180,5,Miles Sanders,26,158,0,1,0,25,6,23.1,0,227,34,2021
181,6,Darius Slayton,26,339,2,4,1,42,14,53.8,1,65,58,2021
182,7,Marquez Valdes-Scantling,26,430,3,8,3,75,18,69.2,0,146,56,2021
183,8,Jamaal Williams,26,157,0,0,0,15,6,23.1,0,156,28,2021
184,9,Rex Burkhead,25,186,0,2,0,20,9,36.0,0,141,32,2021
185,10,Josiah Deguara,25,245,2,3,1,62,9,36.0,0,204,33,2021
186,11,Chuba Hubbard,25,174,1,1,0,33,8,32.0,0,160,37,2021
187,12,Demarcus Robinson,25,264,3,3,0,33,13,52.0,0,62,41,2021
188,13,Tajae Sharpe,25,230,0,0,0,17,14,56.0,0,69,37,2021
189,14,Freddie Swain,25,343,4,6,2,68,12,48.0,0,206,41,2021
190,15,Albert Wilson,25,213,0,1,1,64,10,40.0,0,138,39,2021
191,16,Jamal Agnew,24,229,1,4,0,29,14,58.3,0,118,40,2021
192,17,Jordan Akins,24,214,0,1,0,31,11,45.8,2,82,33,2021
193,18,Mo Alie-Cox,24,316,4,5,0,37,14,58.3,1,150,45,2021
194,19,Danny Amendola,24,248,3,4,0,39,10,41.7,1,69,39,2021
195,20,Tavon Austin,24,213,1,2,0,25,11,45.8,0,59,37,2021
196,21,DeAndre Carter,24,296,3,5,0,26,17,70.8,0,78,44,2021
197,22,Rashard Higgins,24,275,1,1,0,21,16,66.7,0,47,47,2021
198,23,Jauan Jennings,24,282,5,4,0,34,15,62.5,1,103,38,2021
199,24,James O'Shaughnessy,24,244,0,5,0,30,10,41.7,0,114,35,2021
200,0,Henry Ruggs III,24,469,2,9,4,61,16,66.7,0,109,36,2021
201,1,James Washington,24,285,2,4,1,42,9,37.5,0,79,44,2021
202,2,Giovani Bernard,23,123,3,1,0,32,8,34.8,1,134,29,2021
203,3,Pharaoh Brown,23,171,0,2,0,29,6,26.1,1,106,34,2021
204,4,JaMycal Hasty,23,157,0,1,0,23,7,30.4,1,128,29,2021
205,5,T.Y. Hilton,23,331,3,4,2,52,15,65.2,0,71,37,2021
206,6,Marcedes Lewis,23,214,0,3,0,23,10,43.5,1,144,28,2021
207,7,Zack Moss,23,197,1,1,0,24,12,52.2,2,200,32,2021
208,8,Chris Conley,22,323,2,5,2,41,15,68.2,1,95,37,2021
209,9,Kareem Hunt,22,174,0,1,0,23,11,50.0,0,174,27,2021
210,10,Justin Jackson,22,178,0,1,0,25,8,36.4,0,165,25,2021
211,11,Harrison Bryant,21,233,3,4,1,41,14,66.7,0,79,28,2021
212,12,DeeJay Dallas,21,133,0,1,0,29,4,19.0,1,110,23,2021
213,13,Will Dissly,21,231,1,5,0,39,11,52.4,1,143,26,2021
214,14,Sony Michel,21,128,1,1,0,24,6,28.6,0,133,33,2021
215,15,Chris Moore,21,227,2,4,1,67,6,28.6,0,147,22,2021
216,16,John Bates,20,249,0,4,0,32,11,55.0,1,139,25,2021
217,17,Nick Chubb,20,174,1,2,1,40,9,45.0,0,172,25,2021
218,18,Marquise Goodwin,20,313,1,5,2,50,12,60.0,1,83,40,2021
219,19,DeSean Jackson,20,454,2,6,4,75,12,60.0,1,175,34,2021
220,20,Brevin Jordan,20,178,3,2,0,27,10,50.0,0,94,28,2021
221,21,Isaiah McKenzie,20,178,1,1,0,28,13,65.0,0,81,26,2021
222,22,Donald Parham,20,190,3,1,0,22,13,65.0,0,135,28,2021
223,23,Tommy Tremble,20,180,1,1,0,30,10,50.0,0,70,36,2021
224,24,Clyde Edwards-Helaire,19,129,2,1,0,29,8,42.1,0,169,25,2021
225,0,Zach Gentry,19,167,0,2,0,25,11,57.9,0,127,25,2021
226,1,Dontrell Hilliard,19,87,0,1,0,28,7,36.8,1,108,26,2021
227,2,D'Ernest Johnson,19,137,0,0,0,18,7,36.8,1,138,25,2021
228,3,Elijah Mitchell,19,137,1,0,0,14,6,31.6,0,151,20,2021
229,4,Antoine Wesley,19,208,3,4,0,33,9,47.4,0,61,32,2021
230,5,Demetric Felton,18,181,2,2,0,33,10,55.6,0,201,21,2021
231,6,Damien Harris,18,132,0,1,0,21,4,22.2,0,134,21,2021
232,7,Derrick Henry,18,154,0,0,0,16,7,38.9,0,160,20,2021
233,8,Ian Thomas,18,188,0,3,1,41,6,33.3,0,92,30,2021
234,9,Logan Thomas,18,196,3,2,0,35,10,55.6,1,72,25,2021
235,10,Robert Tonyan,18,204,2,4,0,33,10,55.6,0,110,29,2021
236,11,Brandon Zylstra,18,250,1,4,1,55,10,55.6,0,118,25,2021
237,12,C.J. Ham,17,125,0,1,0,27,6,35.3,0,61,18,2021
238,13,Terrace Marshall Jr.,17,138,0,1,0,23,7,41.2,0,61,31,2021
239,14,Stephen Anderson,16,165,1,3,0,34,9,56.2,0,115,19,2021
240,15,Noah Brown,16,184,0,3,0,27,6,37.5,0,68,25,2021
241,16,Travis Homer,16,161,0,3,0,31,8,50.0,0,128,20,2021
242,17,Tyler Kroft,16,173,1,3,0,26,9,56.2,0,74,25,2021
243,18,Ty Montgomery,16,95,0,1,0,21,5,31.2,0,87,26,2021
244,19,James Proche,16,202,0,2,0,32,10,62.5,0,55,20,2021
245,20,Damien Williams,16,103,1,1,0,23,3,18.8,0,109,23,2021
246,21,Maxx Williams,16,193,1,3,0,34,9,56.2,0,125,17,2021
247,22,Quintez Cephus,15,204,2,5,1,46,9,60.0,0,95,23,2021
248,23,Chris Evans,15,151,2,1,0,24,6,40.0,0,113,17,2021
249,24,Kendall Hinton,15,175,1,2,1,40,10,66.7,0,57,23,2021
250,0,Mohamed Sanu,15,177,0,1,0,21,12,80.0,0,44,24,2021
251,1,Cam Sims,15,211,2,2,1,43,11,73.3,0,42,23,2021
252,2,JuJu Smith-Schuster,15,129,0,1,0,24,6,40.0,0,68,28,2021
253,3,Jimmy Graham,14,167,3,2,0,28,10,71.4,0,55,24,2021
254,4,Khalil Herbert,14,96,0,1,0,20,6,42.9,0,101,16,2021
255,5,Mack Hollins,14,223,4,4,2,65,11,78.6,0,35,29,2021
256,6,O.J. Howard,14,135,1,1,0,21,10,71.4,0,83,21,2021
257,7,MyCole Pruitt,14,145,3,2,0,22,10,71.4,0,59,19,2021
258,8,Rhamondre Stevenson,14,123,0,2,1,41,3,21.4,1,145,18,2021
259,9,Ashton Dulin,13,173,2,2,1,62,9,69.2,0,50,22,2021
260,10,KhaDarel Hodge,13,157,0,2,1,42,7,53.8,0,37,28,2021
261,11,Lil'Jordan Humphrey,13,249,2,6,1,56,9,69.2,0,101,19,2021
262,12,Juwan Johnson,13,159,4,3,0,27,12,92.3,0,42,22,2021
263,13,Jerick McKinnon,13,107,1,0,0,14,7,53.8,0,134,20,2021
264,14,Dare Ogunbowale,13,114,1,1,0,28,3,23.1,0,100,21,2021
265,15,Boston Scott,13,83,0,0,0,19,3,23.1,0,96,16,2021
266,16,Salvon Ahmed,12,117,0,0,0,18,4,33.3,0,113,19,2021
267,17,Dyami Brown,12,165,0,3,1,48,6,50.0,0,34,25,2021
268,18,Eric Ebron,12,84,1,0,0,19,6,50.0,0,21,18,2021
269,19,Isaiah Ford,12,161,2,2,1,52,7,58.3,0,60,17,2021
270,20,N'Keal Harry,12,184,0,3,1,43,7,58.3,0,25,22,2021
271,21,Carlos Hyde,12,65,0,0,0,9,1,8.3,0,75,21,2021
272,22,Jalen Richard,12,72,0,0,0,19,4,33.3,0,67,14,2021
273,23,Adam Shaheen,12,110,0,1,0,21,5,41.7,0,33,16,2021
274,24,Malik Turner,12,149,3,1,1,61,8,66.7,0,74,16,2021
275,0,James White,12,94,0,2,0,28,5,41.7,0,70,14,2021
276,1,Tevin Coleman,11,49,0,0,0,11,2,18.2,0,83,16,2021
277,2,Kylen Granson,11,106,0,1,0,27,4,36.4,0,76,15,2021
278,3,Jakeem Grant,11,132,2,2,1,46,7,63.6,1,103,17,2021
279,4,Blake Jarwin,11,96,2,1,0,20,5,45.4,0,38,17,2021
280,5,Collin Johnson,11,105,0,0,0,16,6,54.6,0,18,21,2021
281,6,Breshad Perriman,11,167,1,3,1,58,5,45.4,0,102,18,2021
282,7,John Ross,11,224,0,3,2,52,8,72.7,1,40,20,2021
283,8,Drew Sample,11,81,0,0,0,19,3,27.3,0,82,15,2021
284,9,Ben Skowronek,11,133,0,2,0,35,7,63.6,0,53,20,2021
285,10,Brock Wright,11,115,2,2,0,36,6,54.6,0,62,15,2021
286,11,Peyton Barber,10,67,0,1,0,23,3,30.0,0,73,13,2021
287,12,Trinity Benson,10,103,0,2,0,24,5,50.0,0,59,22,2021
288,13,Parris Campbell,10,162,1,3,1,51,7,70.0,0,17,20,2021
289,14,D'Wayne Eskridge,10,64,1,0,0,17,4,40.0,0,32,20,2021
290,15,Royce Freeman,10,77,0,0,0,12,4,40.0,0,75,16,2021
291,16,Cyril Grayson,10,212,2,4,2,62,8,80.0,0,70,12,2021
292,17,Alec Ingold,10,85,1,1,0,29,4,40.0,0,46,12,2021
293,18,Ronald Jones,10,64,0,0,0,15,2,20.0,0,77,13,2021
294,19,Latavius Murray,10,75,0,0,0,18,2,20.0,0,71,13,2021
295,20,Jaret Patterson,10,73,0,0,0,12,5,50.0,0,75,11,2021
296,21,Dante Pettis,10,87,1,1,0,27,5,50.0,0,38,16,2021
297,22,Anthony Schwartz,10,135,1,1,1,44,6,60.0,0,10,23,2021
298,23,Dede Westbrook,10,68,0,0,0,17,3,30.0,0,17,15,2021
299,24,Blake Bell,9,87,0,2,0,24,4,44.4,0,67,13,2021
300,0,Alex Collins,9,87,0,2,0,28,3,33.3,1,96,10,2021
301,1,D'Onta Foreman,9,123,0,1,0,39,6,66.7,0,121,11,2021
302,2,Jacob Hollister,9,55,1,0,0,11,2,22.2,0,31,15,2021
303,3,Marcus Johnson,9,160,0,3,1,50,7,77.8,0,95,19,2021
304,4,Dax Milne,9,83,0,1,0,22,4,44.4,1,34,14,2021
305,5,Josh Oliver,9,66,0,0,0,19,4,44.4,1,25,15,2021
306,6,Elijhaa Penny,9,30,1,0,0,16,4,44.4,0,34,13,2021
307,7,Trent Sherfield,9,87,1,0,0,18,7,77.8,0,23,20,2021
308,8,Keith Smith,9,56,0,0,0,11,3,33.3,0,38,10,2021
309,9,Lee Smith,9,65,1,1,0,22,3,33.3,0,31,11,2021
310,10,Equanimeous St. Brown,9,98,0,1,0,26,6,66.7,0,58,17,2021
311,11,Tommy Sweeney,9,44,1,0,0,13,3,33.3,1,14,12,2021
312,12,Nick Vannett,9,133,1,2,0,30,7,77.8,0,92,15,2021
313,13,Ty'Son Williams,9,84,0,1,0,21,4,44.4,0,71,12,2021
314,14,Derrick Gore,8,105,0,1,1,50,3,37.5,0,90,9,2021
315,15,Denzel Mims,8,133,0,3,1,40,5,62.5,0,49,23,2021
316,16,Patrick Ricard,8,63,1,1,0,22,3,37.5,0,45,13,2021
317,17,Eric Saubert,8,47,1,0,0,11,2,25.0,0,29,12,2021
318,18,Jeff Smith,8,113,0,1,0,35,6,75.0,0,15,17,2021
319,19,Juwann Winfree,8,58,0,0,0,12,5,62.5,2,31,13,2021
320,20,Matt Breida,7,72,2,1,0,23,4,57.1,0,61,9,2021
321,21,DJ Chark,7,154,2,3,1,41,7,100.0,0,24,23,2021
322,22,Phillip Dorsett,7,110,0,2,0,36,3,42.9,0,27,14,2021
323,23,Luke Farrell,7,56,0,1,0,21,3,42.9,1,28,11,2021
324,24,Noah Gray,7,36,1,0,0,8,2,28.6,0,18,10,2021
325,0,Penny Hart,7,59,0,0,0,16,3,42.9,0,41,12,2021
326,1,Godwin Igwebuike,7,60,0,0,0,18,4,57.1,0,64,10,2021
327,2,Jesse James,7,62,1,0,0,19,3,42.9,0,18,8,2021
328,3,Craig Reynolds,7,52,0,0,0,14,3,42.9,0,55,8,2021
329,4,Greg Ward,7,95,3,1,0,27,4,57.1,0,16,11,2021
330,5,Jeff Wilson,7,31,0,0,0,11,1,14.3,0,43,8,2021
331,6,Eno Benjamin,6,42,0,0,0,12,4,66.7,0,46,7,2021
332,7,Chris Carson,6,29,0,0,0,16,1,16.7,0,42,6,2021
333,8,Corey Clement,6,29,1,0,0,8,1,16.7,0,17,7,2021
334,9,Jaelon Darden,6,43,0,1,0,29,1,16.7,0,24,12,2021
335,10,Tom Kennedy,6,54,0,0,0,15,2,33.3,0,17,10,2021
336,11,Chris Manhertz,6,71,1,1,0,22,4,66.7,0,26,9,2021
337,12,Tre' McKitty,6,45,0,0,0,12,3,50.0,0,34,8,2021
338,13,Anthony Miller,6,25,1,0,0,10,3,50.0,0,10,12,2021
339,14,Rashaad Penny,6,48,0,1,0,27,3,50.0,0,62,8,2021
340,15,Curtis Samuel,6,27,0,0,0,10,4,66.7,0,40,9,2021
341,16,Shi Smith,6,104,0,1,1,63,3,50.0,0,71,11,2021
342,17,Kenny Stills,6,68,1,1,0,22,4,66.7,0,10,23,2021
343,18,Preston Williams,6,71,0,2,0,34,3,50.0,0,38,16,2021
344,19,Antony Auclair,5,47,1,0,0,15,2,40.0,0,13,5,2021
345,20,Le'Veon Bell,5,30,1,0,0,15,3,60.0,0,26,7,2021
346,21,Dez Fitzpatrick,5,49,1,0,0,18,4,80.0,0,3,8,2021
347,22,Jody Fortson,5,47,2,1,0,27,3,60.0,0,9,5,2021
348,23,Josh Gordon,5,32,1,0,0,11,3,60.0,0,5,14,2021
349,24,KJ Hamler,5,74,0,2,0,28,4,80.0,0,16,10,2021
350,0,Parker Hesse,5,43,0,0,0,17,3,60.0,0,21,6,2021
351,1,Tony Jones,5,29,0,0,0,19,2,40.0,0,28,8,2021
352,2,Joshua Kelley,5,38,0,0,0,17,1,20.0,0,31,7,2021
353,3,Scott Miller,5,38,0,0,0,13,2,40.0,0,9,9,2021
354,4,Colby Parkinson,5,33,0,0,0,12,2,40.0,0,20,8,2021
355,5,Rodney Smith,5,48,0,0,0,17,2,40.0,0,32,5,2021
356,6,Ihmir Smith-Marsette,5,116,2,2,2,44,4,80.0,0,17,6,2021
357,7,Mike Thomas,5,52,0,0,0,19,3,60.0,0,13,11,2021
358,8,Cody White,5,33,0,0,0,11,3,60.0,0,14,6,2021
359,9,Charlie Woerner,5,52,0,1,0,27,3,60.0,0,9,6,2021
360,10,Christian Blake,4,25,0,0,0,8,2,50.0,0,2,9,2021
361,11,Kendall Blanton,4,37,0,1,0,23,2,50.0,1,13,7,2021
362,12,C.J. Board,4,51,0,1,0,38,3,75.0,0,13,6,2021
363,13,Ja'Marcus Bradley,4,64,0,1,0,37,2,50.0,0,16,4,2021
364,14,Jason Cabinda,4,16,1,0,0,6,2,50.0,0,8,7,2021
365,15,Pharoh Cooper,4,33,0,0,0,15,1,25.0,0,7,11,2021
366,16,Tyler Davis,4,35,0,1,0,22,1,25.0,0,13,5,2021
367,17,Ross Dwelley,4,51,1,1,0,21,2,50.0,0,5,5,2021
368,18,Darren Fells,4,43,0,1,0,24,2,50.0,0,27,5,2021
369,19,Will Fuller,4,26,0,0,0,10,3,75.0,0,10,9,2021
370,20,Garrett Griffin,4,39,0,0,0,14,2,50.0,1,27,4,2021
371,21,Chris Herndon,4,40,1,0,0,17,4,100.0,0,31,7,2021
372,22,Taysom Hill,4,52,0,0,0,15,4,100.0,0,50,6,2021
373,23,Chris Hogan,4,41,1,0,0,16,2,50.0,0,13,8,2021
374,24,Cody Hollister,4,33,0,0,0,14,4,100.0,0,17,7,2021
375,0,Jermar Jefferson,4,23,0,0,0,11,2,50.0,0,21,5,2021
376,1,Duke Johnson,4,41,0,1,0,20,3,75.0,0,51,5,2021
377,2,Jakob Johnson,4,43,0,1,0,29,2,50.0,0,34,5,2021
378,3,Phillip Lindsay,4,45,1,1,0,22,1,25.0,0,53,5,2021
379,4,Sean McKeon,4,27,1,0,0,12,2,50.0,0,10,6,2021
380,5,Kene Nwangwu,4,9,0,0,0,6,0,0.0,0,19,5,2021
381,6,Qadree Ollison,4,12,0,0,0,8,1,25.0,0,7,6,2021
382,7,Adrian Peterson,4,8,0,0,0,5,0,0.0,0,14,4,2021
383,8,Amari Rodgers,4,45,0,0,0,19,2,50.0,0,24,9,2021
384,9,Wendell Smallwood,4,22,0,0,0,7,0,0.0,0,14,5,2021
385,10,Willie Snead,4,38,0,0,0,15,3,75.0,0,12,8,2021
386,11,Jack Stoll,4,22,0,0,0,9,0,0.0,0,20,5,2021
387,12,J.J. Taylor,4,8,0,0,0,5,0,0.0,1,10,4,2021
388,13,Ke'Shawn Vaughn,4,26,0,0,0,8,1,25.0,0,14,8,2021
389,14,Kristian Wilkerson,4,42,2,1,0,20,2,50.0,0,5,8,2021
390,15,Jonathan Williams,4,28,0,0,0,19,2,50.0,0,36,6,2021
391,16,Cam Akers,3,10,0,0,0,6,0,0.0,0,4,3,2021
392,17,Ryquell Armstead,3,16,0,0,0,9,1,33.3,0,20,4,2021
393,18,Malcolm Brown,3,10,0,0,0,7,0,0.0,0,8,5,2021
394,19,Michael Burton,3,31,0,1,0,20,2,66.7,0,36,3,2021
395,20,Greg Dortch,3,15,0,0,0,10,0,0.0,0,31,3,2021
396,21,Alex Erickson,3,55,0,1,0,25,2,66.7,0,30,4,2021
397,22,Reggie Gilliam,3,23,0,0,0,8,0,0.0,0,22,5,2021
398,23,Demetrius Harris,3,10,0,0,0,7,0,0.0,0,13,6,2021
399,24,K.J. Hill,3,30,0,0,0,19,1,33.3,0,12,3,2021
400,0,Tommy Hudson,3,31,0,0,0,14,2,66.7,0,24,6,2021
401,1,Tyree Jackson,3,22,1,0,0,13,2,66.7,0,7,7,2021
402,2,Andy Janovich,3,9,0,0,0,3,1,33.3,0,4,5,2021
403,3,Keith Kirkwood,3,17,0,0,0,7,1,33.3,0,16,7,2021
404,4,Patrick Laird,3,17,0,0,0,10,2,66.7,0,20,3,2021
405,5,D.J. Montgomery,3,36,0,0,0,14,2,66.7,0,15,6,2021
406,6,Jason Moore,3,56,0,1,0,24,3,100.0,0,26,4,2021
407,7,Chris Myarick,3,17,1,0,0,10,2,66.7,0,8,6,2021
408,8,Gabe Nabers,3,17,0,0,0,8,0,0.0,0,8,3,2021
409,9,Adam Prentice,3,16,0,0,0,10,1,33.3,0,15,3,2021
410,10,Jaylen Samuels,3,14,0,0,0,6,1,33.3,0,17,4,2021
411,11,Trey Sermon,3,26,0,1,0,23,1,33.3,0,18,4,2021
412,12,Kaden Smith,3,33,0,1,0,21,1,33.3,0,11,3,2021
413,13,Jeremy Sprinkle,3,31,0,0,0,11,2,66.7,0,19,3,2021
414,14,Auden Tate,3,39,1,0,0,18,3,100.0,0,21,4,2021
415,15,Jonathan Ward,3,34,0,1,0,23,1,33.3,0,26,4,2021
416,16,Derek Watt,3,15,0,0,0,9,0,0.0,0,16,3,2021
417,17,Trevon Wesco,3,35,0,0,0,19,2,66.7,0,29,5,2021
418,18,Mitchell Wilcox,3,16,0,0,0,8,0,0.0,0,8,5,2021
419,19,Shane Zylstra,3,34,0,0,0,16,2,66.7,0,6,7,2021
420,20,J.J. Arcega-Whiteside,2,36,0,1,0,23,2,100.0,0,29,5,2021
421,21,Kalen Ballage,2,8,0,0,0,6,0,0.0,0,10,7,2021
422,22,Cameron Batson,2,15,1,0,0,13,2,100.0,0,1,5,2021
423,23,Khari Blasingame,2,4,0,0,0,5,0,0.0,0,4,2,2021
424,24,Reggie Bonnafon,2,12,0,0,0,6,1,50.0,0,9,2,2021
425,0,Mike Boone,2,22,0,0,0,19,1,50.0,0,24,2,2021
426,1,Daniel Brown,2,29,0,1,0,24,1,50.0,0,22,2,2021
427,2,Derek Carrier,2,13,0,0,0,9,0,0.0,0,6,2,2021
428,3,Cethan Carter,2,16,0,0,0,8,0,0.0,0,8,2,2021
429,4,Dominique Dafney,2,34,0,1,0,26,2,100.0,0,31,4,2021
430,5,Taylor Decker,2,4,1,0,0,6,1,50.0,0,1,2,2021
431,6,Darrynton Evans,2,11,0,0,0,6,1,50.0,0,15,2,2021
432,7,Jesper Horsted,2,21,2,0,0,19,2,100.0,0,0,3,2021
433,8,Jordan Howard,2,19,0,0,0,10,2,100.0,0,14,5,2021
434,9,Trenton Irwin,2,34,0,1,0,25,1,50.0,0,5,5,2021
435,10,Tyron Johnson,2,16,0,0,0,10,1,50.0,0,9,5,2021
436,11,Marcus Kemp,2,24,0,0,0,16,1,50.0,0,8,5,2021
437,12,Jake Kumerow,2,28,0,0,0,15,2,100.0,0,7,7,2021
438,13,Marlon Mack,2,8,0,0,0,7,0,0.0,0,4,5,2021
439,14,Racey McMath,2,8,0,0,0,9,0,0.0,1,9,6,2021
440,15,Jaydon Mickens,2,10,0,0,0,12,1,50.0,0,3,3,2021
441,16,Stanley Morgan,2,11,0,0,0,8,0,0.0,0,20,4,2021
442,17,Dazz Newsome,2,23,0,0,0,13,1,50.0,0,15,5,2021
443,18,Gunner Olszewski,2,31,0,1,0,22,2,100.0,0,14,3,2021
444,19,Dezmon Patmon,2,21,1,0,0,14,1,50.0,0,3,4,2021
445,20,Scottie Phillips,2,9,0,0,0,8,0,0.0,0,7,3,2021
446,21,Kevin Rader,2,8,0,0,0,7,0,0.0,0,4,3,2021
447,22,Trey Ragas,2,6,0,0,0,4,0,0.0,0,13,2,2021
448,23,Richard Rodgers,2,11,0,0,0,9,0,0.0,0,10,2,2021
449,24,C.J. Saunders,2,11,0,0,0,8,1,50.0,0,0,2,2021
450,0,David Sills,2,17,0,0,0,12,1,50.0,0,2,6,2021
451,1,Benny Snell,2,13,0,0,0,7,0,0.0,0,20,4,2021
452,2,Johnny Stanton,2,7,1,0,0,6,1,50.0,0,4,2,2021
453,3,Luke Stocker,2,12,0,0,0,7,0,0.0,0,6,2,2021
454,4,Mike Strachan,2,26,0,0,0,16,2,100.0,0,0,3,2021
455,5,Malik Taylor,2,14,0,0,0,7,1,50.0,0,8,3,2021
456,6,Patrick Taylor,2,3,0,0,0,3,1,50.0,0,5,2,2021
457,7,Trent Taylor,2,41,0,1,0,26,2,100.0,0,7,4,2021
458,8,Tylan Wallace,2,23,0,0,0,18,1,50.0,0,14,6,2021
459,9,Austin Walter,2,9,0,0,0,11,1,50.0,0,13,3,2021
460,10,Dwayne Washington,2,12,0,0,0,6,0,0.0,0,10,2,2021
461,11,Tyrell Williams,2,14,0,0,0,7,1,50.0,0,8,3,2021
462,12,Ethan Wolf,2,8,0,0,0,4,0,0.0,0,6,2,2021
463,13,Kenny Yeboah,2,36,0,1,0,24,2,100.0,0,3,3,2021
464,14,Alex Armah,1,1,1,0,0,1,1,100.0,0,1,1,2021
465,15,Nick Bawden,1,20,0,1,0,20,1,100.0,0,11,1,2021
466,16,Nick Bellore,1,4,0,0,0,4,0,0.0,0,4,1,2021
467,17,Tarik Black,1,10,0,0,0,10,1,100.0,0,0,2,2021
468,18,Miles Boykin,1,6,0,0,0,6,0,0.0,0,0,1,2021
469,19,Nick Boyle,1,2,0,0,0,2,0,0.0,0,0,2,2021
470,20,Garrett Bradbury,1,21,0,1,0,21,1,100.0,0,24,1,2021
471,21,Gary Brightwell,1,6,0,0,0,6,0,0.0,0,5,1,2021
472,22,Keke Coutee,1,5,0,0,0,5,0,0.0,0,0,1,2021
473,23,Darrell Daniels,1,0,0,0,0,0,0,0.0,0,1,4,2021
474,24,Frank Darby,1,14,0,0,0,14,1,100.0,0,11,4,2021
475,0,Davion Davis,1,17,0,0,0,17,1,100.0,0,13,3,2021
476,1,Wayne Gallman,1,21,0,1,0,21,1,100.0,0,20,3,2021
477,2,Marvin Hall,1,10,0,0,0,10,1,100.0,0,5,1,2021
478,3,Taylor Heinicke,1,-2,0,0,0,-2,0,0.0,0,2,1,2021
479,4,Daniel Helm,1,-1,0,0,0,0,0,0.0,0,2,2,2021
480,5,Kylin Hill,1,5,0,0,0,5,0,0.0,0,7,2,2021
481,6,Amani Hooker,1,6,0,0,0,6,1,100.0,0,2,1,2021
482,7,Brycen Hopkins,1,9,0,0,0,9,1,100.0,0,6,1,2021
483,8,Andy Isabella,1,13,0,0,0,13,1,100.0,0,7,1,2021
484,9,Lane Johnson,1,5,1,0,0,5,1,100.0,0,0,1,2021
485,10,Daniel Jones,1,16,0,0,0,16,1,100.0,0,3,1,2021
486,11,Tommylee Lewis,1,7,0,0,0,7,1,100.0,0,11,2,2021
487,12,Drew Lock,1,1,0,0,0,1,0,0.0,0,6,1,2021
488,13,Hunter Long,1,8,0,0,0,8,0,0.0,0,4,3,2021
489,14,Conor McDermott,1,1,1,0,0,1,1,100.0,0,0,1,2021
490,15,Anthony McFarland,1,11,0,0,0,11,1,100.0,0,11,1,2021
491,16,Kirk Merritt,1,13,0,0,0,13,1,100.0,0,0,3,2021
492,17,Johnny Mundt,1,9,0,0,0,9,1,100.0,0,2,1,2021
493,18,Ryan Nall,1,4,0,0,0,4,0,0.0,0,0,1,2021
494,19,Devine Ozigbo,1,7,0,0,0,7,1,100.0,0,3,1,2021
495,20,Danny Pinter,1,2,1,0,0,2,1,100.0,0,0,1,2021
496,21,Bobby Price,1,17,0,0,0,17,1,100.0,0,8,1,2021
497,22,Mike Remmers,1,-2,0,0,0,-2,0,0.0,0,-2,1,2021
498,23,Andre Roberts,1,35,0,1,0,35,1,100.0,0,16,2,2021
499,24,Aaron Rodgers,1,-4,0,0,0,-4,0,0.0,0,0,1,2021
500,0,Larry Rountree III,1,-1,0,0,0,0,0,0.0,0,0,2,2021
501,1,Diontae Spencer,1,-3,0,0,0,0,0,0.0,0,0,4,2021
502,2,Terence Steele,1,1,1,0,0,1,1,100.0,0,0,1,2021
503,3,Andrew Thomas,1,2,1,0,0,2,1,100.0,0,0,1,2021
504,4,Eric Tomlinson,1,7,0,0,0,7,0,0.0,0,4,1,2021
505,5,Kevin White,1,38,0,1,0,38,1,100.0,0,9,5,2021
506,6,Christian Wilkins,1,1,1,0,0,1,1,100.0,0,0,1,2021
507,7,Trayveon Williams,1,4,0,0,0,4,0,0.0,0,11,2,2021
508,8,Seth Williams,1,34,0,1,0,34,1,100.0,0,4,1,2021
509,9,Easop Winston,1,5,0,0,0,5,0,0.0,0,9,1,2021
510,10,Deon Yelder,1,0,0,0,0,0,0,0.0,0,2,1,2021
511,11,Rodney Adams,0,0,0,0,0,0,0,0.0,0,0,1,2021
512,12,Josh Allen,0,0,0,0,0,0,0,0.0,0,0,1,2021
513,13,Geronimo Allison,0,0,0,0,0,0,0,0.0,0,0,2,2021
514,14,Travis Benjamin,0,0,0,0,0,0,0,0.0,0,0,5,2021
515,15,Darius Bradwell,0,0,0,0,0,0,0,0.0,0,0,1,2021
516,16,John Brown,0,0,0,0,0,0,0,0.0,0,0,3,2021
517,17,Tevaughn Campbell,0,0,0,0,0,0,0,0.0,0,0,1,2021
518,18,Tyrie Cleveland,0,0,0,0,0,0,0,0.0,0,0,1,2021
519,19,Isaiah Coulter,0,0,0,0,0,0,0,0.0,0,0,1,2021
520,20,Keion Crossen,0,0,0,0,0,0,0,0.0,0,0,1,2021
521,21,Dion Dawkins,0,0,0,0,0,0,0,0.0,0,0,1,2021
522,22,Jacob Eason,0,0,0,0,0,0,1,0.0,0,0,0,2021
523,23,Ben Ellefson,0,0,0,0,0,0,0,0.0,0,0,1,2021
524,24,Justin Herbert,0,0,0,0,0,0,0,0.0,0,0,1,2021
525,0,Jason Huntley,0,0,0,0,0,0,0,0.0,0,0,1,2021
526,1,Jalen Hurts,0,0,0,0,0,0,0,0.0,0,0,1,2021
527,2,Baker Mayfield,0,11,0,0,0,11,1,0.0,0,11,0,2021
528,3,Codey McElroy,0,0,0,0,0,0,0,0.0,0,0,1,2021
529,4,David Moore,0,0,0,0,0,0,0,0.0,0,0,2,2021
530,5,Kyler Murray,0,7,0,0,0,7,0,0.0,0,7,0,2021
531,6,Matt Nelson,0,0,0,0,0,0,0,0.0,0,0,1,2021
532,7,Giovanni Ricci,0,0,0,0,0,0,0,0.0,0,0,2,2021
533,8,Mekhi Sargent,0,0,0,0,0,0,0,0.0,0,0,1,2021
534,9,Devin Smith,0,0,0,0,0,0,0,0.0,0,0,1,2021
535,10,Vyncint Smith,0,0,0,0,0,0,0,0.0,0,0,1,2021
536,11,Stephen Sullivan,0,0,0,0,0,0,0,0.0,0,0,1,2021
537,12,Colin Thompson,0,0,0,0,0,0,0,0.0,0,0,1,2021
538,13,Mike White,0,0,0,0,0,0,0,0.0,0,0,1,2021
539,14,Trent Williams,0,0,0,0,0,0,0,0.0,0,0,1,2021
540,15,Zach Wilson,0,0,0,0,0,0,0,0.0,0,0,1,2021
541,16,,0,0,0,0,0,0,0,0.0,0,0,19,2021
542,17,,0,0,0,0,0,0,0,0.0,0,0,20,2021
543,18,,0,0,0,0,0,0,0,0.0,0,0,32,2021
544,19,,0,0,0,0,0,0,0,0.0,0,0,24,2021
545,20,,0,0,0,0,0,0,0,0.0,0,0,18,2021
546,21,,0,0,0,0,0,0,0,0.0,0,0,15,2021
547,22,,0,0,0,0,0,0,0,0.0,0,0,21,2021
548,23,,0,0,0,0,0,0,0,0.0,0,0,10,2021
549,24,,0,0,0,0,0,0,0,0.0,0,0,24,2021
550,0,,0,0,0,0,0,0,0,0.0,0,0,28,2021
551,1,,0,0,0,0,0,0,0,0.0,0,0,23,2021
552,2,,0,0,0,0,0,0,0,0.0,0,0,13,2021
553,3,,0,0,0,0,0,0,0,0.0,0,0,23,2021
554,4,,0,0,0,0,0,0,0,0.0,0,0,19,2021
555,5,,0,0,0,0,0,0,0,0.0,0,0,21,2021
556,6,,0,0,0,0,0,0,0,0.0,0,0,38,2021
557,7,,0,0,0,0,0,0,0,0.0,0,0,5,2021
558,8,,0,0,0,0,0,0,0,0.0,0,0,25,2021
559,9,,0,0,0,0,0,0,0,0.0,0,0,16,2021
560,10,,0,0,0,0,0,0,0,0.0,0,0,26,2021
561,11,,0,0,0,0,0,0,0,0.0,0,0,11,2021
562,12,,0,0,0,0,0,0,0,0.0,0,0,30,2021
563,13,,0,0,0,0,0,0,0,0.0,0,0,29,2021
564,14,,0,0,0,0,0,0,0,0.0,0,0,22,2021
565,15,,0,0,0,0,0,0,0,0.0,0,0,26,2021
566,16,,0,0,0,0,0,0,0,0.0,0,0,21,2021
567,17,,0,0,0,0,0,0,0,0.0,0,0,11,2021
568,18,,0,0,0,0,0,0,0,0.0,0,0,15,2021
569,19,,0,0,0,0,0,0,0,0.0,0,0,17,2021
570,20,,0,0,0,0,0,0,0,0.0,0,0,21,2021
571,21,,0,0,0,0,0,0,0,0.0,0,0,15,2021
572,22,,0,0,0,0,0,0,0,0.0,0,0,16,2021
573,0,Justin Jefferson,128,1809,8,28,6,64,80,62.5,0,613,184,2022
574,1,Tyreek Hill,119,1710,7,25,7,64,77,64.7,1,482,170,2022
575,2,Travis Kelce,110,1338,12,19,2,52,78,70.9,1,657,152,2022
576,3,Stefon Diggs,108,1429,11,17,6,53,72,66.7,1,419,154,2022
577,4,Austin Ekeler,107,722,5,4,0,23,36,33.6,2,848,127,2022
578,5,CeeDee Lamb,107,1359,9,24,0,39,67,62.6,0,486,156,2022
579,6,Amon-Ra St. Brown,106,1161,6,11,1,49,68,64.2,0,531,146,2022
580,7,Chris Godwin,104,1023,3,10,1,44,53,51.0,2,531,142,2022
581,8,Davante Adams,100,1516,14,24,7,60,65,65.0,1,493,180,2022
582,9,Michael Pittman,99,925,4,8,0,28,51,51.5,2,344,141,2022
583,10,DeVonta Smith,95,1196,7,18,4,45,57,60.0,1,476,136,2022
584,11,DK Metcalf,90,1048,6,11,3,54,47,52.2,2,211,141,2022
585,12,A.J. Brown,88,1496,11,23,6,78,59,67.0,2,548,145,2022
586,13,Ja'Marr Chase,87,1046,9,13,3,60,58,66.7,2,421,134,2022
587,14,T.J. Hockenson,86,914,6,5,2,81,44,51.2,1,413,129,2022
588,15,Diontae Johnson,86,882,0,7,0,37,45,52.3,1,235,147,2022
589,16,Christian McCaffrey,85,741,5,8,1,49,36,42.4,0,695,108,2022
590,17,Christian Kirk,84,1108,8,18,2,49,55,65.5,0,377,133,2022
591,18,Tyler Lockett,84,1033,9,14,1,40,50,59.5,1,274,117,2022
592,19,Garrett Wilson,83,1103,4,13,3,60,56,67.5,1,384,147,2022
593,20,Zay Jones,82,823,5,7,1,59,44,53.7,0,289,121,2022
594,21,Brandon Aiyuk,78,1015,8,17,1,54,47,60.3,1,388,114,2022
595,22,Amari Cooper,78,1160,9,18,4,55,61,78.2,0,308,132,2022
596,23,JuJu Smith-Schuster,78,933,3,9,4,53,47,60.3,3,465,101,2022
597,24,Mike Evans,77,1124,6,19,5,63,53,68.8,0,216,127,2022
598,0,Terry McLaurin,77,1191,5,16,6,52,56,72.7,0,382,120,2022
599,1,Cooper Kupp,75,812,6,11,2,75,42,56.0,2,413,98,2022
600,2,Jaylen Waddle,75,1356,8,21,6,84,60,80.0,1,510,117,2022
601,3,Tee Higgins,74,1029,7,14,3,59,46,62.2,0,286,109,2022
602,4,Mark Andrews,73,847,5,7,0,36,48,65.8,1,243,113,2022
603,5,Evan Engram,73,766,4,10,0,36,33,45.2,0,465,98,2022
604,6,Leonard Fournette,73,523,3,3,1,44,26,35.6,0,563,83,2022
605,7,Tyler Higbee,72,620,3,4,0,26,32,44.4,0,404,108,2022
606,8,Drake London,72,866,4,10,1,40,48,66.7,3,231,117,2022
607,9,Chris Olave,72,1042,4,13,4,53,48,66.7,2,210,119,2022
608,10,Josh Palmer,72,769,3,7,2,50,39,54.2,1,252,107,2022
609,11,Adam Thielen,70,716,6,7,0,36,45,64.3,0,152,107,2022
610,12,Rhamondre Stevenson,69,421,1,3,1,40,13,18.8,2,488,88,2022
611,13,Marquise Brown,67,709,3,9,1,47,33,49.2,1,236,107,2022
612,14,Jerry Jeudy,67,972,6,14,5,67,41,61.2,0,392,100,2022
613,15,Jakobi Meyers,67,804,6,14,1,48,38,56.7,1,238,96,2022
614,16,Keenan Allen,66,752,4,7,2,46,39,59.1,1,263,89,2022
615,17,DeAndre Hopkins,64,717,3,8,0,33,35,54.7,2,165,96,2022
616,18,Curtis Samuel,64,656,4,10,1,49,36,56.2,0,289,92,2022
617,19,Courtland Sutton,64,829,2,11,1,51,38,59.4,0,152,109,2022
618,20,Parris Campbell,63,623,3,7,1,49,32,50.8,1,276,91,2022
619,21,Pat Freiermuth,63,732,2,9,1,57,37,58.7,0,291,98,2022
620,22,D.J. Moore,63,888,7,17,4,62,44,69.8,0,178,118,2022
621,23,Mike Williams,63,895,4,11,2,55,39,61.9,0,319,93,2022
622,24,Donovan Peoples-Jones,61,839,3,14,1,42,33,54.1,1,191,96,2022
623,0,George Kittle,60,765,11,12,1,54,36,60.0,1,382,86,2022
624,1,Allen Lazard,60,788,6,13,2,47,45,75.0,0,248,100,2022
625,2,Joe Mixon,60,441,2,4,0,35,17,28.3,0,468,75,2022
626,3,K.J. Osborn,60,650,5,6,2,66,32,53.3,1,300,90,2022
627,4,Aaron Jones,59,395,5,5,0,30,19,32.2,2,477,72,2022
628,5,Tyler Boyd,58,762,5,10,3,60,41,70.7,0,249,82,2022
629,6,Tyler Conklin,58,552,3,6,0,30,25,43.1,2,289,87,2022
630,7,Gerald Everett,58,555,4,4,0,26,29,50.0,0,320,87,2022
631,8,David Njoku,58,628,4,8,0,38,36,62.1,1,332,80,2022
632,9,Saquon Barkley,57,338,0,2,1,41,10,17.5,0,434,76,2022
633,10,Brandin Cooks,57,699,3,13,3,44,29,50.9,0,205,93,2022
634,11,Mack Hollins,57,690,4,9,2,60,34,59.6,0,192,94,2022
635,12,Richie James,57,569,4,3,0,33,29,50.9,0,176,70,2022
636,13,Alvin Kamara,57,490,2,3,1,54,17,29.8,2,465,77,2022
637,14,Dalton Schultz,57,577,5,5,0,30,27,47.4,1,204,89,2022
638,15,Jerick McKinnon,56,512,9,6,1,56,28,50.0,1,541,71,2022
639,16,Deebo Samuel,56,632,2,7,1,57,25,44.6,0,493,94,2022
640,17,Dallas Goedert,55,702,3,11,0,31,40,72.7,1,420,69,2022
641,18,Josh Jacobs,53,400,0,2,1,43,16,30.2,1,374,64,2022
642,19,Robert Tonyan,53,470,2,6,0,24,20,37.7,0,230,67,2022
643,20,Robert Woods,53,527,2,3,1,41,31,58.5,0,156,91,2022
644,21,Greg Dortch,52,467,2,5,1,47,19,36.5,0,293,64,2022
645,22,Hayden Hurst,52,414,2,4,0,29,25,48.1,0,190,68,2022
646,23,George Pickens,52,801,4,17,1,42,38,73.1,0,104,84,2022
647,24,Russell Gage,51,426,5,3,0,23,31,60.8,1,171,70,2022
648,0,Noah Fant,50,486,4,4,1,51,24,48.0,0,221,63,2022
649,1,Cole Kmet,50,544,7,6,1,50,27,54.0,1,280,69,2022
650,2,Rachaad White,50,290,2,1,0,20,13,26.0,1,319,58,2022
651,3,Gabe Davis,48,836,7,11,3,98,35,72.9,1,146,93,2022
652,4,Dawson Knox,48,517,6,8,1,45,25,52.1,0,193,65,2022
653,5,Chris Moore,48,548,2,9,1,52,24,50.0,0,263,74,2022
654,6,Demarcus Robinson,48,458,2,4,0,31,23,47.9,2,150,75,2022
655,7,D'Andre Swift,48,389,3,5,0,25,17,35.4,1,454,70,2022
656,8,Zach Ertz,47,406,4,2,0,32,24,51.1,0,130,69,2022
657,9,Kalif Raymond,47,616,0,10,3,56,24,51.1,1,218,64,2022
658,10,DeAndre Carter,46,538,3,10,0,35,29,63.0,1,206,65,2022
659,11,Chase Claypool,46,451,1,7,0,31,24,52.2,1,143,79,2022
660,12,James Conner,46,300,1,2,0,22,13,28.3,0,376,58,2022
661,13,Antonio Gibson,46,353,2,2,0,26,18,39.1,0,297,58,2022
662,14,Marvin Jones,46,529,3,6,0,37,29,63.0,0,95,81,2022
663,15,Darius Slayton,46,724,2,12,3,55,30,65.2,2,262,71,2022
664,16,Noah Brown,43,555,3,6,2,51,25,58.1,1,128,74,2022
665,17,Romeo Doubs,42,425,3,7,0,26,20,47.6,2,191,67,2022
666,18,Juwan Johnson,42,508,7,8,1,41,25,59.5,0,166,65,2022
667,19,Isaiah McKenzie,42,423,4,4,0,30,27,64.3,0,128,65,2022
668,20,Cade Otton,42,391,2,4,0,35,19,45.2,0,174,65,2022
669,21,Marquez Valdes-Scantling,42,687,2,13,3,57,32,76.2,0,149,81,2022
670,22,Michael Carter,41,288,0,1,0,37,12,29.3,0,273,54,2022
671,23,Najee Harris,41,229,3,0,0,19,16,39.0,1,207,53,2022
672,24,Hunter Henry,41,509,2,10,0,39,23,56.1,0,203,59,2022
673,0,Austin Hooper,41,444,2,2,0,24,28,68.3,0,134,60,2022
674,1,Rondale Moore,41,414,1,6,0,38,16,39.0,0,281,56,2022
675,2,Alec Pierce,41,593,2,8,3,47,27,65.8,1,113,78,2022
676,3,Christian Watson,41,611,7,8,3,63,28,68.3,0,276,66,2022
677,4,Darnell Mooney,40,493,2,7,1,56,20,50.0,0,164,61,2022
678,5,Olamide Zaccheaus,40,533,3,9,2,45,25,62.5,1,189,61,2022
679,6,Dalvin Cook,39,295,2,2,1,64,16,41.0,0,331,56,2022
680,7,Michael Gallup,39,424,4,4,0,27,25,64.1,0,107,74,2022
681,8,Tony Pollard,39,371,3,3,2,68,18,46.2,0,347,55,2022
682,9,Ben Skowronek,39,376,0,5,0,32,16,41.0,0,137,61,2022
683,10,Logan Thomas,39,323,1,2,0,27,15,38.5,0,126,61,2022
684,11,Samaje Perine,38,287,4,2,0,32,11,29.0,0,321,51,2022
685,12,Josh Reynolds,38,479,3,8,0,31,25,65.8,0,115,59,2022
686,13,Devin Singletary,38,280,1,1,0,22,15,39.5,0,257,52,2022
687,14,Jordan Akins,37,495,5,8,1,46,23,62.2,1,270,54,2022
688,15,Rex Burkhead,37,204,1,0,0,17,8,21.6,0,214,51,2022
689,16,Nico Collins,37,481,2,8,1,58,21,56.8,0,163,66,2022
690,17,Devin Duvernay,37,407,3,6,0,31,19,51.4,0,159,49,2022
691,18,Isaiah Hodgins,37,392,4,4,0,29,24,64.9,1,88,48,2022
692,19,Elijah Moore,37,446,1,8,1,42,22,59.5,1,93,65,2022
693,20,Isaiah Likely,36,373,3,4,0,34,18,50.0,0,151,60,2022
694,21,Hunter Renfrow,36,330,2,3,0,27,18,50.0,3,149,50,2022
695,22,Kendrick Bourne,35,434,1,6,1,41,22,62.9,2,145,48,2022
696,23,Jahan Dotson,35,523,7,10,2,61,26,74.3,0,137,61,2022
697,24,Travis Etienne,35,316,0,6,0,30,16,45.7,2,352,45,2022
698,0,Kareem Hunt,35,210,1,1,0,24,11,31.4,0,235,44,2022
699,1,Jauan Jennings,35,416,1,3,1,44,23,65.7,1,176,56,2022
700,2,Randall Cobb,34,417,1,7,1,40,19,55.9,1,185,50,2022
701,3,Will Dissly,34,349,3,1,0,38,20,58.8,0,184,38,2022
702,4,David Montgomery,34,316,1,5,0,32,10,29.4,1,283,40,2022
703,5,Treylon Burks,33,444,1,8,3,51,19,57.6,0,161,54,2022
704,6,Greg Dulcich,33,411,2,6,0,39,18,54.6,0,155,55,2022
705,7,Derrick Henry,33,398,0,6,2,69,11,33.3,2,397,41,2022
706,8,Foster Moreau,33,420,2,7,0,33,24,72.7,0,237,54,2022
707,9,Allen Robinson,33,339,3,3,0,29,23,69.7,0,71,52,2022
708,10,Quez Watkins,33,354,3,5,2,53,13,39.4,1,146,51,2022
709,11,Corey Davis,32,536,2,7,2,66,28,87.5,0,109,64,2022
710,12,Mike Gesicki,32,362,5,5,0,32,19,59.4,0,97,52,2022
711,13,Chigoziem Okonkwo,32,450,3,7,3,48,22,68.8,0,254,46,2022
712,14,Nelson Agholor,31,362,2,6,1,44,12,38.7,2,147,53,2022
713,15,Harrison Bryant,31,239,1,1,0,30,12,38.7,0,113,42,2022
714,16,Kylen Granson,31,302,0,3,0,32,17,54.8,1,124,40,2022
715,17,Raheem Mostert,31,202,2,2,0,25,11,35.5,0,179,42,2022
716,18,DeVante Parker,31,539,3,10,3,43,25,80.6,0,105,47,2022
717,19,Daniel Bellinger,30,268,2,2,0,24,14,46.7,1,144,35,2022
718,20,DJ Chark,30,502,3,9,3,51,24,80.0,0,134,52,2022
719,21,Nyheim Hines,30,241,1,2,0,22,11,36.7,0,190,37,2022
720,22,Deon Jackson,30,209,1,4,0,27,10,33.3,0,228,34,2022
721,23,Dameon Pierce,30,165,1,0,0,16,7,23.3,0,197,39,2022
722,24,Trent Sherfield,30,417,2,5,1,75,18,60.0,0,145,51,2022
723,0,Trey McBride,29,265,1,3,0,29,12,41.4,1,117,39,2022
724,1,AJ Dillon,28,206,0,0,0,17,9,32.1,1,197,43,2022
725,2,Noah Gray,28,299,1,3,0,27,14,50.0,0,182,34,2022
726,3,Terrace Marshall Jr.,28,490,1,10,2,43,23,82.1,1,132,47,2022
727,4,Kyle Pitts,28,356,2,5,0,33,20,71.4,0,126,59,2022
728,5,Rashid Shaheed,28,488,2,6,4,68,17,60.7,1,170,34,2022
729,6,Jonathan Taylor,28,143,0,0,0,19,4,14.3,0,203,40,2022
730,7,Darren Waller,28,388,3,9,0,34,18,64.3,0,76,43,2022
731,8,Jaylen Warren,28,214,0,1,0,26,14,50.0,0,225,33,2022
732,9,Nick Chubb,27,239,1,1,0,26,12,44.4,0,259,37,2022
733,10,Marquise Goodwin,27,387,4,9,0,38,18,66.7,0,114,42,2022
734,11,J.D. McKissic,27,173,0,0,0,14,7,25.9,0,152,40,2022
735,12,Latavius Murray,27,132,0,0,0,15,4,14.8,0,188,35,2022
736,13,Laviska Shenault Jr.,27,272,1,3,2,67,10,37.0,0,330,32,2022
737,14,Jonnu Smith,27,245,0,3,1,53,9,33.3,0,200,38,2022
738,15,Kenneth Walker III,27,165,0,2,0,33,6,22.2,0,221,35,2022
739,16,Ameer Abdullah,25,211,1,1,0,23,8,32.0,0,195,32,2022
740,17,Eno Benjamin,25,193,0,1,0,22,10,40.0,0,234,34,2022
741,18,Melvin Gordon,25,223,0,3,0,24,11,44.0,1,206,32,2022
742,19,Mecole Hardman,25,297,4,5,0,36,14,56.0,0,160,34,2022
743,20,Jarvis Landry,25,272,1,2,1,40,12,48.0,0,61,39,2022
744,21,Colby Parkinson,25,322,2,5,0,39,14,56.0,0,150,34,2022
745,22,Irv Smith,25,182,2,0,0,17,9,36.0,1,91,36,2022
746,23,Nick Westbrook-Ikhine,25,397,3,5,2,63,18,72.0,0,107,50,2022
747,24,Jelani Woods,25,312,3,4,0,36,16,64.0,1,120,40,2022
748,0,David Bell,24,214,0,1,0,20,7,29.2,0,69,35,2022
749,1,A.J. Green,24,236,2,1,1,77,11,45.8,0,56,47,2022
750,2,Kendall Hinton,24,311,0,5,0,35,14,58.3,0,139,33,2022
751,3,Van Jefferson,24,369,3,7,0,39,20,83.3,0,38,44,2022
752,4,Julio Jones,24,299,2,3,1,48,13,54.2,0,124,43,2022
753,5,Brandon Powell,24,156,0,0,0,16,7,29.2,0,184,32,2022
754,6,Jamal Agnew,23,187,3,1,0,24,9,39.1,0,125,30,2022
755,7,Kenneth Gainwell,23,169,0,1,0,20,7,30.4,0,141,29,2022
756,8,Scott Miller,23,185,0,2,0,23,8,34.8,0,33,40,2022
757,9,Wan'Dale Robinson,23,227,1,0,0,19,13,56.5,0,126,31,2022
758,10,Skyy Moore,22,250,0,2,0,30,13,59.1,0,148,33,2022
759,11,Shi Smith,22,296,2,6,0,38,14,63.6,1,132,41,2022
760,12,Tyquan Thornton,22,247,2,4,0,29,13,59.1,0,68,45,2022
761,13,Jeff Wilson,22,185,1,0,0,16,7,31.8,1,141,37,2022
762,14,James Cook,21,180,1,1,1,41,5,23.8,0,132,32,2022
763,15,Dontrell Hilliard,21,177,4,3,0,31,8,38.1,0,151,26,2022
764,16,Cordarrelle Patterson,21,122,0,0,0,16,6,28.6,0,116,31,2022
765,17,Equanimeous St. Brown,21,323,1,5,1,56,14,66.7,1,98,38,2022
766,18,Ian Thomas,21,197,0,1,1,50,8,38.1,0,182,30,2022
767,19,C.J. Uzomah,21,232,2,4,1,40,10,47.6,0,105,27,2022
768,20,Robbie Anderson,20,282,1,3,1,75,10,50.0,1,92,44,2022
769,21,Cameron Brate,20,174,0,1,0,21,8,40.0,0,61,38,2022
770,22,Matt Breida,20,118,0,0,0,16,5,25.0,0,100,25,2022
771,23,Phillip Dorsett,20,257,1,5,0,34,11,55.0,0,62,40,2022
772,24,JaMycal Hasty,20,126,1,2,0,28,7,35.0,0,129,26,2022
773,0,Dare Ogunbowale,20,104,0,1,0,23,5,25.0,0,124,26,2022
774,1,Miles Sanders,20,78,0,0,0,16,2,10.0,1,103,26,2022
775,2,Mo Alie-Cox,19,189,3,1,0,34,9,47.4,1,99,28,2022
776,3,Jake Ferguson,19,174,2,3,0,30,8,42.1,0,124,22,2022
777,4,Zach Gentry,19,132,0,2,0,32,6,31.6,0,102,23,2022
778,5,Breece Hall,19,218,1,2,1,79,8,42.1,1,163,31,2022
779,6,Kyle Juszczyk,19,200,1,3,0,35,9,47.4,0,149,23,2022
780,7,Johnny Mundt,19,140,1,0,0,17,9,47.4,0,117,21,2022
781,8,Dante Pettis,19,245,3,2,2,51,9,47.4,0,63,41,2022
782,9,Tre'Quan Smith,19,278,1,4,1,48,14,73.7,0,66,27,2022
783,10,Tommy Tremble,19,174,3,1,0,29,9,47.4,0,62,32,2022
784,11,Tutu Atwell,18,298,1,5,2,62,11,61.1,0,60,35,2022
785,12,Braxton Berrios,18,145,0,2,0,25,8,44.4,0,92,32,2022
786,13,Adam Trautman,18,207,1,2,0,22,9,50.0,0,123,22,2022
787,14,Brock Wright,18,216,4,3,1,51,13,72.2,0,165,24,2022
788,15,DeeJay Dallas,17,126,0,1,1,41,5,29.4,0,126,19,2022
789,16,Kenyan Drake,17,89,1,0,0,15,7,41.2,0,125,26,2022
790,17,Clyde Edwards-Helaire,17,151,3,2,0,25,11,64.7,0,144,23,2022
791,18,Ezekiel Elliott,17,92,0,1,0,31,4,23.5,0,88,23,2022
792,19,Damien Harris,17,97,0,0,0,15,4,23.5,0,86,23,2022
793,20,Darrell Henderson,17,102,0,0,0,15,5,29.4,0,110,22,2022
794,21,Mitchell Wilcox,17,139,1,0,0,19,6,35.3,0,74,18,2022
795,22,Tyler Allgeier,16,139,1,4,0,26,8,50.0,0,164,17,2022
796,23,Marquez Callaway,16,158,1,2,0,33,11,68.8,0,35,32,2022
797,24,Chase Edmonds,16,157,1,1,0,27,7,43.8,0,113,24,2022
798,0,Travis Homer,16,157,1,3,0,27,7,43.8,1,122,18,2022
799,1,Mark Ingram,16,68,0,0,0,11,2,12.5,1,78,18,2022
800,2,MyCole Pruitt,16,150,4,2,0,29,10,62.5,0,75,21,2022
801,3,Amari Rodgers,16,204,1,3,0,37,12,75.0,2,63,25,2022
802,4,Michael Thomas,16,171,3,2,0,21,13,81.2,0,21,22,2022
803,5,Kadarius Toney,16,171,2,4,0,38,8,50.0,0,108,20,2022
804,6,Sammy Watkins,16,325,0,7,3,55,11,68.8,1,126,27,2022
805,7,Javonte Williams,16,76,0,0,0,13,4,25.0,0,118,22,2022
806,8,Rashod Bateman,15,285,2,5,2,75,7,46.7,1,133,28,2022
807,9,Ashton Dulin,15,207,1,2,0,39,12,80.0,0,35,22,2022
808,10,Alec Ingold,15,105,1,0,0,17,4,26.7,0,93,23,2022
809,11,Trenton Irwin,15,231,4,3,1,45,12,80.0,0,59,23,2022
810,12,Alexander Mattison,15,91,1,0,0,16,4,26.7,0,121,18,2022
811,13,Zach Pascal,15,150,1,2,0,34,9,60.0,0,86,19,2022
812,14,Eric Saubert,15,148,1,3,0,25,6,40.0,0,75,24,2022
813,15,Durham Smythe,15,129,1,1,0,26,7,46.7,0,47,20,2022
814,16,Justin Watson,15,315,2,6,2,67,12,80.0,0,60,34,2022
815,17,John Bates,14,108,1,1,0,20,4,28.6,1,54,22,2022
816,18,Chuba Hubbard,14,171,0,2,1,45,6,42.9,1,166,17,2022
817,19,Brevin Jordan,14,128,0,2,0,20,7,50.0,0,85,28,2022
818,20,Joshua Kelley,14,101,0,1,0,22,4,28.6,0,88,25,2022
819,21,Ray-Ray McCloud,14,243,1,5,1,42,11,78.6,0,92,25,2022
820,22,Josh Oliver,14,149,2,1,1,40,7,50.0,0,74,25,2022
821,23,Steven Sims,14,104,0,1,0,28,5,35.7,0,86,23,2022
822,24,Cam Akers,13,117,0,0,0,18,8,61.5,0,136,18,2022
823,0,Damiere Byrd,13,268,2,3,2,75,9,69.2,0,105,23,2022
824,1,Lawrence Cager,13,118,1,1,0,20,8,61.5,0,78,19,2022
825,2,Josiah Deguara,13,114,0,1,0,25,4,30.8,0,63,15,2022
826,3,KhaDarel Hodge,13,202,1,2,0,39,7,53.8,0,61,20,2022
827,4,Bam Knight,13,100,0,0,0,16,5,38.5,1,132,14,2022
828,5,Isiah Pacheco,13,130,0,1,0,32,7,53.8,0,157,14,2022
829,6,Sterling Shepard,13,154,1,1,1,65,4,30.8,0,55,24,2022
830,7,Avery Williams,13,61,0,0,0,10,3,23.1,0,79,14,2022
831,8,Pharaoh Brown,12,117,0,1,0,30,6,50.0,0,83,20,2022
832,9,Connor Heyward,12,151,1,2,1,45,6,50.0,0,62,17,2022
833,10,Justice Hill,12,58,0,0,0,15,2,16.7,1,83,12,2022
834,11,Justin Jackson,12,101,1,0,0,15,7,58.3,0,110,19,2022
835,12,Ty Johnson,12,88,0,0,0,16,3,25.0,0,73,24,2022
836,13,Geoff Swaim,12,58,1,0,0,13,4,33.3,0,43,16,2022
837,14,Jamaal Williams,12,73,0,0,0,17,4,33.3,0,65,16,2022
838,15,Ced Wilson,12,136,0,2,0,21,8,66.7,0,45,18,2022
839,16,Hassan Haskins,11,57,0,0,0,10,2,18.2,0,58,12,2022
840,17,Peyton Hendershot,11,103,2,2,0,29,8,72.7,0,47,16,2022
841,18,Denzel Mims,11,186,0,2,1,63,7,63.6,0,75,25,2022
842,19,James Mitchell,11,113,1,2,0,22,7,63.6,0,62,11,2022
843,20,Zack Moss,11,39,0,0,0,8,2,18.2,0,42,13,2022
844,21,Patrick Ricard,11,74,0,0,0,19,1,9.1,0,72,13,2022
845,22,James Robinson,11,51,2,0,0,10,5,45.4,0,57,14,2022
846,23,David Sills,11,106,0,1,0,24,7,63.6,0,40,17,2022
847,24,Jack Stoll,11,123,0,2,0,26,5,45.4,0,49,14,2022
848,0,Shane Zylstra,11,60,4,0,0,14,6,54.6,0,13,15,2022
849,1,Michael Bandy,10,89,0,2,0,25,5,50.0,0,25,21,2022
850,2,Raheem Blackshear,10,93,0,1,0,27,3,30.0,0,105,12,2022
851,3,Keelan Cole,10,141,1,3,0,30,8,80.0,0,20,21,2022
852,4,C.J. Ham,10,86,0,0,0,17,7,70.0,0,56,12,2022
853,5,O.J. Howard,10,145,2,4,0,26,6,60.0,0,60,23,2022
854,6,Tanner Hudson,10,132,0,1,0,27,8,80.0,0,59,15,2022
855,7,Tre' McKitty,10,72,0,0,0,12,0,0.0,1,52,18,2022
856,8,Albert Okwuegbunam,10,95,1,1,0,25,4,40.0,0,59,18,2022
857,9,Donald Parham,10,130,1,2,0,24,5,50.0,0,42,12,2022
858,10,Byron Pringle,10,135,2,3,0,35,8,80.0,0,14,16,2022
859,11,Khalil Shakir,10,161,1,4,0,31,7,70.0,0,74,20,2022
860,12,Dan Arnold,9,135,0,3,0,26,5,55.6,0,75,13,2022
861,13,Brandon Bolden,9,57,1,0,0,18,2,22.2,0,27,9,2022
862,14,Mike Boone,9,96,0,2,0,34,2,22.2,0,81,15,2022
863,15,River Cracraft,9,102,2,1,0,22,8,88.9,0,26,14,2022
864,16,Anthony Firkser,9,100,0,1,0,22,5,55.6,0,20,13,2022
865,17,Jody Fortson,9,108,2,2,1,40,6,66.7,0,40,13,2022
866,18,Khalil Herbert,9,57,1,2,0,25,2,22.2,0,81,12,2022
867,19,Parker Hesse,9,89,0,1,0,22,6,66.7,0,36,11,2022
868,20,Taysom Hill,9,77,2,1,0,30,5,55.6,0,37,13,2022
869,21,DeSean Jackson,9,153,0,2,1,62,5,55.6,0,23,17,2022
870,22,Marcus Johnson,9,99,0,0,0,18,6,66.7,0,36,22,2022
871,23,Sony Michel,9,53,0,0,0,9,1,11.1,0,46,13,2022
872,24,Jalen Nailor,9,179,1,3,1,47,7,77.8,0,67,13,2022
873,0,Breshad Perriman,9,110,1,2,0,28,5,55.6,1,52,19,2022
874,1,Craig Reynolds,9,116,0,2,0,36,5,55.6,0,108,10,2022
875,2,Brian Robinson,9,60,1,0,0,18,3,33.3,0,72,12,2022
876,3,Eric Tomlinson,9,79,2,0,0,18,5,55.6,0,44,13,2022
877,4,Kyren Williams,9,76,0,0,0,15,5,55.6,0,80,12,2022
878,5,Reggie Gilliam,8,69,1,0,0,14,4,50.0,0,54,10,2022
879,6,Tom Kennedy,8,141,0,2,1,44,7,87.5,0,73,15,2022
880,7,Marlon Mack,8,99,1,1,1,66,2,25.0,0,114,10,2022
881,8,Quintin Morris,8,84,1,1,0,26,6,75.0,1,38,11,2022
882,9,Kyle Philips,8,78,0,2,0,21,3,37.5,0,21,13,2022
883,10,James Proche,8,62,0,0,0,12,3,37.5,0,16,17,2022
884,11,Jalen Reagor,8,104,1,2,0,38,5,62.5,0,28,13,2022
885,12,Giovanni Ricci,8,100,0,1,0,32,3,37.5,0,58,9,2022
886,13,Cam Sims,8,89,0,1,0,21,5,62.5,0,18,18,2022
887,14,Jeff Smith,8,134,0,2,1,50,5,62.5,0,37,11,2022
888,15,Andre Baccellia,7,45,0,0,0,11,4,57.1,0,11,10,2022
889,16,J.K. Dobbins,7,42,1,1,0,20,3,42.9,0,39,8,2022
890,17,D'Wayne Eskridge,7,58,0,0,0,16,4,57.1,0,46,13,2022
891,18,KJ Hamler,7,165,0,3,3,55,3,42.9,0,23,14,2022
892,19,N'Keal Harry,7,116,1,1,1,49,4,57.1,0,16,9,2022
893,20,T.Y. Hilton,7,121,0,2,1,52,5,71.4,0,33,10,2022
894,21,Brycen Hopkins,7,109,0,2,0,22,5,71.4,0,33,11,2022
895,22,Velus Jones Jr.,7,107,1,2,1,44,4,57.1,0,37,14,2022
896,23,Ko Kieft,7,80,1,0,0,19,5,71.4,0,31,10,2022
897,24,Chris Myarick,7,65,1,1,0,23,5,71.4,0,38,8,2022
898,0,Teagan Quitoriano,7,113,2,2,1,52,5,71.4,0,53,14,2022
899,1,Pierre Strong,7,42,0,0,0,16,3,42.9,0,38,7,2022
900,2,Jonathan Williams,7,40,0,1,0,21,2,28.6,0,38,10,2022
901,3,Cole Beasley,6,35,0,0,0,9,1,16.7,0,14,7,2022
902,4,Jamison Crowder,6,60,0,0,0,16,4,66.7,0,30,13,2022
903,5,Malik Davis,6,63,0,0,0,18,5,83.3,0,65,7,2022
904,6,Royce Freeman,6,33,0,0,0,9,0,0.0,0,39,8,2022
905,7,Kenny Golladay,6,81,1,1,0,25,4,66.7,0,11,17,2022
906,8,Brandon Johnson,6,42,1,0,0,12,2,33.3,0,13,14,2022
907,9,Marcedes Lewis,6,66,2,1,0,31,5,83.3,0,14,7,2022
908,10,Phillip Lindsay,6,19,0,0,0,7,0,0.0,0,11,8,2022
909,11,Chris Manhertz,6,42,0,1,0,21,2,33.3,0,35,8,2022
910,12,Dax Milne,6,37,1,0,0,12,2,33.3,0,13,7,2022
911,13,Trent Taylor,6,62,0,1,0,34,1,16.7,0,43,10,2022
912,14,Laquon Treadwell,6,42,0,0,0,17,3,50.0,0,11,10,2022
913,15,Nick Vannett,6,55,0,0,0,15,1,16.7,0,32,9,2022
914,16,Jordan Wilkins,6,29,0,0,0,10,1,16.7,0,44,8,2022
915,17,Andrew Beck,5,69,0,2,0,27,2,40.0,0,41,11,2022
916,18,Gary Brightwell,5,39,0,0,0,12,4,80.0,0,35,8,2022
917,19,Dyami Brown,5,143,2,2,1,75,5,100.0,0,31,14,2022
918,20,Malcolm Brown,5,37,0,0,0,13,2,40.0,0,37,6,2022
919,21,Grant Calcaterra,5,81,0,1,1,40,3,60.0,0,41,9,2022
920,22,Corey Clement,5,54,0,1,0,21,3,60.0,0,61,7,2022
921,23,D'Onta Foreman,5,26,0,1,0,23,1,20.0,0,27,9,2022
922,24,Troy Hairston,5,19,0,0,0,7,0,0.0,0,10,8,2022
923,0,Zander Horvath,5,8,2,0,0,5,2,40.0,0,1,8,2022
924,1,Jakob Johnson,5,10,0,0,0,5,0,0.0,0,7,6,2022
925,2,Tony Jones,5,30,0,0,0,9,0,0.0,0,34,8,2022
926,3,Gunner Olszewski,5,53,0,1,0,31,1,20.0,0,13,7,2022
927,4,Ronnie Rivers,5,29,0,0,0,14,1,20.0,0,55,5,2022
928,5,Armani Rogers,5,64,0,1,0,23,4,80.0,0,57,6,2022
929,6,Boston Scott,5,15,0,0,0,5,0,0.0,0,20,6,2022
930,7,Deven Thompkins,5,32,0,0,0,13,1,20.0,0,32,10,2022
931,8,Samori Toure,5,82,1,2,0,37,2,40.0,1,11,10,2022
932,9,Derek Watt,5,11,1,0,0,5,1,20.0,0,4,5,2022
933,10,Mike Woods,5,45,0,0,0,15,3,60.0,0,17,10,2022
934,11,Chris Conley,4,46,0,1,0,27,2,50.0,0,3,7,2022
935,12,Tyler Davis,4,26,0,1,0,23,1,25.0,0,27,7,2022
936,13,Luke Farrell,4,40,0,0,0,15,3,75.0,0,36,4,2022
937,14,Myles Gaskin,4,28,0,0,0,16,0,0.0,0,20,6,2022
938,15,Ryan Griffin,4,26,0,0,0,18,1,25.0,0,9,8,2022
939,16,Keaontay Ingram,4,21,0,1,0,24,1,25.0,0,32,5,2022
940,17,David Johnson,4,47,0,1,0,21,3,75.0,0,46,4,2022
941,18,Marcus Jones,4,78,1,1,1,48,3,75.0,0,95,4,2022
942,19,Charlie Kolar,4,49,0,0,0,15,3,75.0,0,20,6,2022
943,20,Tyler Kroft,4,57,0,1,0,28,2,50.0,0,14,5,2022
944,21,Jake Kumerow,4,64,0,1,0,39,4,100.0,0,17,7,2022
945,22,Rashaad Penny,4,16,0,0,0,6,2,50.0,0,28,5,2022
946,23,Anthony Schwartz,4,51,0,0,0,19,2,50.0,1,27,10,2022
947,24,Stone Smartt,4,17,0,0,0,8,1,25.0,0,7,5,2022
948,0,Freddie Swain,4,74,0,1,1,52,3,75.0,0,27,6,2022
949,1,Tylan Wallace,4,33,0,0,0,12,1,25.0,0,9,7,2022
950,2,Montrell Washington,4,2,0,0,0,4,0,0.0,0,13,9,2022
951,3,Darrel Williams,4,9,0,0,0,6,0,0.0,0,15,8,2022
952,4,Stephen Anderson,3,9,0,0,0,6,0,0.0,0,6,7,2022
953,5,Julius Chestnut,3,41,0,1,0,33,1,33.3,0,39,3,2022
954,6,Tevin Coleman,3,44,1,1,0,30,2,66.7,0,20,3,2022
955,7,Ross Dwelley,3,105,1,2,1,56,3,100.0,0,43,5,2022
956,8,Bryan Edwards,3,15,0,0,0,10,0,0.0,0,9,5,2022
957,9,Ben Ellefson,3,26,0,0,0,12,2,66.7,0,11,3,2022
958,10,Chris Evans,3,38,1,1,0,26,2,66.7,0,8,4,2022
959,11,Simi Fehoko,3,24,0,0,0,12,1,33.3,0,10,4,2022
960,12,Penny Hart,3,20,0,0,0,15,1,33.3,0,12,4,2022
961,13,Cody Hollister,3,54,0,2,0,27,2,66.7,0,8,5,2022
962,14,Jesper Horsted,3,19,0,0,0,9,0,0.0,0,6,4,2022
963,15,D'Ernest Johnson,3,7,0,0,0,7,0,0.0,0,8,3,2022
964,16,Tim Jones,3,30,0,1,0,20,1,33.3,0,21,4,2022
965,17,Elijah Mitchell,3,7,0,0,0,5,0,0.0,0,16,4,2022
966,18,Ty Montgomery,3,15,1,0,0,7,1,33.3,0,7,4,2022
967,19,Adam Prentice,3,9,0,0,0,4,1,33.3,1,18,3,2022
968,20,Kyle Rudolph,3,28,1,0,0,12,2,66.7,0,3,5,2022
969,21,Isaiah Spiller,3,13,0,0,0,8,0,0.0,0,23,3,2022
970,22,Mike Strachan,3,59,0,2,0,23,3,100.0,0,13,9,2022
971,23,Ke'Shawn Vaughn,3,19,0,0,0,11,1,33.3,0,29,4,2022
972,24,Maxx Williams,3,18,0,0,0,7,0,0.0,0,6,3,2022
973,0,Devin Asiasi,2,5,0,0,0,6,0,0.0,0,0,4,2022
974,1,Daylen Baldwin,2,25,0,0,0,15,2,100.0,0,0,2,2022
975,2,Blake Bell,2,20,1,0,0,17,1,50.0,0,8,2,2022
976,3,Giovani Bernard,2,-1,0,0,0,6,0,0.0,0,7,2,2022
977,4,Miles Boykin,2,11,0,0,0,11,1,50.0,0,0,3,2022
978,5,Spencer Brown,2,10,0,0,0,9,0,0.0,0,12,4,2022
979,6,Michael Burton,2,11,0,0,0,9,0,0.0,0,8,3,2022
980,7,Quintez Cephus,2,15,0,0,0,9,1,50.0,0,4,3,2022
981,8,Tyrie Cleveland,2,28,0,0,0,16,1,50.0,0,17,7,2022
982,9,Pharoh Cooper,2,6,0,0,0,3,0,0.0,0,12,2,2022
983,10,Jaelon Darden,2,26,0,1,0,25,1,50.0,0,16,2,2022
984,11,Mike Davis,2,4,0,0,0,7,0,0.0,0,11,2,2022
985,12,Trestan Ebner,2,8,0,0,0,6,0,0.0,0,-1,7,2022
986,13,Demetric Felton,2,8,0,0,0,5,0,0.0,0,11,4,2022
987,14,Jalen Guyton,2,64,0,1,1,54,2,100.0,0,7,4,2022
988,15,Deonte Harty,2,13,0,0,0,9,0,0.0,0,8,2,2022
989,16,Justin Herbert,2,-10,0,0,0,-2,0,0.0,0,5,2,2022
990,17,Dennis Houston,2,16,0,0,0,11,0,0.0,0,6,6,2022
991,18,Lil'Jordan Humphrey,2,20,0,0,0,11,0,0.0,0,15,4,2022
992,19,Caleb Huntley,2,3,0,0,0,2,0,0.0,0,9,2,2022
993,20,Andy Isabella,2,21,0,0,0,11,2,100.0,0,5,5,2022
994,21,Cade Johnson,2,21,0,0,0,11,2,100.0,0,6,4,2022
995,22,Keith Kirkwood,2,18,0,0,0,14,1,50.0,0,4,4,2022
996,23,Anthony McFarland,2,11,0,0,0,12,1,50.0,0,15,2,2022
997,24,Sean McKeon,2,11,0,0,0,10,1,50.0,0,7,3,2022
998,0,Racey McMath,2,40,0,1,0,39,1,50.0,0,7,8,2022
999,1,Kene Nwangwu,2,21,0,0,0,16,1,50.0,0,21,2,2022
1000,2,Dezmon Patmon,2,24,0,0,0,17,1,50.0,0,7,6,2022
1001,3,Larry Rountree III,2,14,0,0,0,13,1,50.0,0,31,2,2022
1002,4,Drew Sample,2,-2,0,0,0,2,0,0.0,0,0,2,2022
1003,5,Braylon Sanders,2,17,0,0,0,13,0,0.0,1,3,3,2022
1004,6,Mason Schreck,2,6,0,0,0,6,0,0.0,0,0,2,2022
1005,7,Benny Snell,2,17,0,0,0,11,1,50.0,0,18,2,2022
1006,8,Stephen Sullivan,2,46,0,1,0,33,2,100.0,0,21,6,2022
1007,9,Mike Thomas,2,38,0,1,0,33,1,50.0,0,24,10,2022
1008,10,Jalen Tolbert,2,12,0,0,0,8,0,0.0,0,2,3,2022
1009,11,Austin Trammell,2,13,0,0,0,8,1,50.0,0,0,4,2022
1010,12,Cole Turner,2,23,0,0,0,18,1,50.0,0,7,9,2022
1011,13,Jalen Virgil,2,75,1,1,1,66,2,100.0,0,43,5,2022
1012,14,Jonathan Ward,2,7,0,0,0,4,1,50.0,0,4,3,2022
1013,15,Nsimba Webster,2,14,0,0,0,8,1,50.0,1,4,3,2022
1014,16,Trevon Wesco,2,26,0,1,0,23,1,50.0,0,12,4,2022
1015,17,Kevin White,2,74,0,1,1,64,2,100.0,0,68,5,2022
1016,18,Trayveon Williams,2,30,0,1,0,24,1,50.0,0,8,3,2022
1017,19,Dareke Young,2,24,0,0,0,12,2,100.0,0,23,2,2022
1018,20,Salvon Ahmed,1,8,0,0,0,8,0,0.0,0,7,1,2022
1019,21,Maurice Alexander,1,7,0,0,0,7,0,0.0,0,4,1,2022
1020,22,Tyler Badie,1,24,1,1,0,24,1,100.0,0,31,1,2022
1021,23,Kendall Blanton,1,7,0,0,0,7,0,0.0,0,1,1,2022
1022,24,C.J. Board,1,6,0,0,0,6,0,0.0,0,0,1,2022
1023,0,John Brown,1,42,1,1,1,42,1,100.0,0,0,2,2022
1024,1,Jason Cabinda,1,5,0,0,0,5,1,100.0,0,2,4,2022
1025,2,Jalen Camp,1,7,0,0,0,7,1,100.0,0,0,1,2022
1026,3,Keke Coutee,1,20,0,1,0,20,0,0.0,1,8,1,2022
1027,4,Frank Darby,1,15,0,0,0,15,1,100.0,0,1,1,2022
1028,5,Jeff Driskel,1,4,0,0,0,4,0,0.0,0,7,1,2022
1029,6,Darrynton Evans,1,33,0,1,0,33,1,100.0,0,31,1,2022
1030,7,Erik Ezukanma,1,3,0,0,0,3,0,0.0,0,7,1,2022
1031,8,Jake Gervase,1,12,0,0,0,12,1,100.0,0,6,1,2022
1032,9,Jared Goff,1,5,0,0,0,5,0,0.0,0,9,1,2022
1033,10,Danny Gray,1,10,0,0,0,10,1,100.0,0,4,7,2022
1034,11,Kamu Grugier-Hill,1,4,0,0,0,4,1,100.0,0,4,1,2022
1035,12,Jacob Harris,1,6,0,0,0,6,1,100.0,0,2,1,2022
1036,13,Godwin Igwebuike,1,3,0,0,0,3,0,0.0,0,0,1,2022
1037,14,Tyron Johnson,1,8,0,0,0,8,0,0.0,0,10,1,2022
1038,15,Ronald Jones,1,22,0,1,0,22,1,100.0,0,23,1,2022
1039,16,Mason Kinsey,1,3,0,0,0,3,0,0.0,0,0,1,2022
1040,17,Tyler Mabry,1,7,1,0,0,7,1,100.0,0,1,1,2022
1041,18,Patrick Mahomes,1,6,0,0,0,6,0,0.0,0,15,1,2022
1042,19,Jason Moore,1,5,0,0,0,5,0,0.0,0,0,2,2022
1043,20,Devine Ozigbo,1,3,0,0,0,3,0,0.0,0,7,1,2022
1044,21,Richard Rodgers,1,4,0,0,0,4,0,0.0,0,3,4,2022
1045,22,Jeremy Ruckert,1,8,0,0,0,8,0,0.0,0,1,2,2022
1046,23,Penei Sewell,1,9,0,0,0,9,1,100.0,0,6,1,2022
1047,24,Keith Smith,1,8,0,0,0,8,0,0.0,0,8,2,2022
1048,0,Ihmir Smith-Marsette,1,15,0,0,0,15,0,0.0,1,5,4,2022
1049,1,Tommy Sweeney,1,7,0,0,0,7,1,100.0,0,8,1,2022
1050,2,J.J. Taylor,1,8,0,0,0,8,0,0.0,0,5,1,2022
1051,3,Patrick Taylor,1,17,0,0,0,17,1,100.0,0,17,1,2022
1052,4,KaVontae Turpin,1,9,0,0,0,9,0,0.0,0,5,2,2022
1053,5,Dwayne Washington,1,7,0,0,0,7,0,0.0,0,6,1,2022
1054,6,Cody White,1,2,0,0,0,2,0,0.0,0,2,1,2022
1055,7,Jameson Williams,1,41,1,1,1,41,1,100.0,0,5,9,2022
1056,8,Ty'Son Williams,1,5,0,0,0,5,0,0.0,0,6,1,2022
1057,9,Russell Wilson,1,1,0,0,0,1,0,0.0,0,2,1,2022
1058,10,Zach Wilson,1,2,1,0,0,2,1,100.0,0,0,1,2022
1059,11,Juwann Winfree,1,17,0,0,0,17,1,100.0,0,5,4,2022
1060,12,Bailey Zappe,1,-6,0,0,0,-6,0,0.0,0,2,1,2022
1061,13,Josh Ali,0,0,0,0,0,0,0,0.0,0,0,1,2022
1062,14,David Bakhtiari,0,0,0,0,0,0,0,0.0,0,0,1,2022
1063,15,Khari Blasingame,0,0,0,0,0,0,0,0.0,0,0,1,2022
1064,16,Tom Brady,0,0,0,0,0,0,0,0.0,0,0,1,2022
1065,17,Jack Conklin,0,0,0,0,0,0,0,0.0,0,0,1,2022
1066,18,Tanner Conner,0,0,0,0,0,0,0,0.0,0,0,3,2022
1067,19,Tyrion Davis-Price,0,0,0,0,0,0,0,0.0,0,0,2,2022
1068,20,Gus Edwards,0,0,0,0,0,0,0,0.0,0,0,2,2022
1069,21,Justin Fields,0,0,0,0,0,0,0,0.0,0,0,0,2022
1070,22,Joe Flacco,0,-3,0,0,0,-3,0,0.0,0,-3,0,2022
1071,23,Miller Forristall,0,0,0,0,0,0,0,0.0,0,0,1,2022
1072,24,Feleipe Franks,0,0,0,0,0,0,0,0.0,0,0,2,2022
1073,0,Tanner Gentry,0,0,0,0,0,0,0,0.0,0,0,1,2022
1074,1,Josh Gordon,0,0,0,0,0,0,0,0.0,0,0,1,2022
1075,2,Trevor Lawrence,0,0,0,0,0,0,0,0.0,0,0,0,2022
1076,3,Lance McCutcheon,0,0,0,0,0,0,0,0.0,0,0,5,2022
1077,4,Stanley Morgan,0,0,0,0,0,0,0,0.0,0,0,1,2022
1078,5,Kyler Murray,0,0,0,0,0,0,0,0.0,0,0,0,2022
1079,6,Jaret Patterson,0,0,0,0,0,0,0,0.0,0,0,1,2022
1080,7,Noah Togiai,0,0,0,0,0,0,0,0.0,0,0,1,2022
1081,8,Jake Tonges,0,0,0,0,0,0,0,0.0,0,0,1,2022
1082,9,Laremy Tunsil,0,0,0,0,0,0,0,0.0,0,0,0,2022
1083,10,DJ Turner,0,0,0,0,0,0,0,0.0,0,0,1,2022
1084,11,James Washington,0,0,0,0,0,0,0,0.0,0,0,1,2022
1085,12,Carson Wentz,0,0,0,0,0,0,0,0.0,0,0,0,2022
1086,13,Charlie Woerner,0,0,0,0,0,0,0,0.0,0,0,2,2022
1087,14,,0,0,0,0,0,0,0,0.0,0,0,15,2022
1088,15,,0,0,0,0,0,0,0,0.0,0,0,23,2022
1089,16,,0,0,0,0,0,0,0,0.0,0,0,23,2022
1090,17,,0,0,0,0,0,0,0,0.0,0,0,30,2022
1091,18,,0,0,0,0,0,0,0,0.0,0,0,18,2022
1092,19,,0,0,0,0,0,0,0,0.0,0,0,16,2022
1093,20,,0,0,0,0,0,0,0,0.0,0,0,33,2022
1094,21,,0,0,0,0,0,0,0,0.0,0,0,11,2022
1095,22,,0,0,0,0,0,0,0,0.0,0,0,30,2022
1096,23,,0,0,0,0,0,0,0,0.0,0,0,25,2022
1097,24,,0,0,0,0,0,0,0,0.0,0,0,23,2022
1098,0,,0,0,0,0,0,0,0,0.0,0,0,20,2022
1099,1,,0,0,0,0,0,0,0,0.0,0,0,21,2022
1100,2,,0,0,0,0,0,0,1,0.0,0,0,25,2022
1101,3,,0,0,0,0,0,0,0,0.0,0,0,22,2022
1102,4,,0,0,0,0,0,0,0,0.0,0,0,37,2022
1103,5,,0,0,0,0,0,0,0,0.0,0,0,14,2022
1104,6,,0,0,0,0,0,0,0,0.0,0,0,28,2022
1105,7,,0,0,0,0,0,0,0,0.0,0,0,22,2022
1106,8,,0,0,0,0,0,0,0,0.0,0,0,31,2022
1107,9,,0,0,0,0,0,0,0,0.0,0,0,22,2022
1108,10,,0,0,0,0,0,0,1,0.0,0,0,19,2022
1109,11,,0,0,0,0,0,0,0,0.0,0,0,31,2022
1110,12,,0,0,0,0,0,0,0,0.0,0,0,39,2022
1111,13,,0,0,0,0,0,0,0,0.0,0,0,31,2022
1112,14,,0,0,0,0,0,0,0,0.0,0,0,29,2022
1113,15,,0,0,0,0,0,0,0,0.0,0,0,23,2022
1114,16,,0,0,0,0,0,0,0,0.0,0,0,24,2022
1115,17,,0,0,0,0,0,0,0,0.0,0,0,8,2022
1116,18,,0,0,0,0,0,0,0,0.0,0,0,20,2022
1117,19,,0,0,0,0,0,0,0,0.0,0,0,27,2022
1118,20,,0,0,0,0,0,0,0,0.0,0,0,23,2022
